kind,sheet,row,trailer,section,bom_id,desc_before,desc_after,eff_before,eff_after,override_before,override_after,override_reset,override_provenance,material_before,material_after,mat_disposition,pu_rule,manifest_price_old,drift_note
LINE_UPDATE,Adv Vacuum panels,140,ADV VACUUM PANELS,FLOOR,74,PLYWOOD,PLYWOOD,725.0,735.0,,,False,,484,NEW#0,REPOINT_CREATED,,725.0,
LINE_UPDATE,Adv Vacuum panels,141,ADV VACUUM PANELS,FLOOR,75,18MM FINN PLY FLOOR,18MM FINN PLY FLOOR,486.577,1120.0,,,False,,279,NEW#1,REPOINT_CREATED,,1990.0,DB was 486.577 vs Aug sheet 1990.0 (pre-existing drift)
LINE_UPDATE,Adv Vacuum panels,142,ADV VACUUM PANELS,FLOOR,76,12MM FINN PLY FLOOR,12MM FINN PLY FLOOR,1055.0,798.0,,,False,,485,NEW#2,REPOINT_CREATED,,1055.0,
LINE_UPDATE,Adv Vacuum panels,147,ADV VACUUM PANELS,FLOOR,81,LVL BEAMS,LVL BEAMS,359.0,409.0,,,False,,466,466,IN_PLACE,,359.0,
LINE_UPDATE,Adv Vacuum panels,35,ADV VACUUM PANELS,FRONT,6,LVL PICTURE FRAME,LVL PICTURE FRAME,359.0,409.0,,,False,,459,459,IN_PLACE,,359.0,
LINE_UPDATE,Adv Vacuum panels,36,ADV VACUUM PANELS,FRONT,7,LVL PICTURE FRAME,LVL PICTURE FRAME,359.0,409.0,,,False,,459,459,IN_PLACE,,359.0,
LINE_UPDATE,Adv Vacuum panels,127,ADV VACUUM PANELS,ROOF,66,LVL FRAME,LVL FRAME,359.0,409.0,,,False,,464,464,IN_PLACE,,359.0,
LINE_UPDATE,Adv Vacuum panels,114,ADV VACUUM PANELS,SIDES,58,LVL FRAME,LVL FRAME,359.0,409.0,,,False,,462,462,IN_PLACE,,359.0,
LINE_UPDATE,ADVANTICA BODY,101,ADVANTICA BODY,FLOOR,176,PLYWOOD,PLYWOOD,725.0,735.0,,,False,,484,NEW#0,REPOINT_CREATED,,725.0,
LINE_UPDATE,ADVANTICA BODY,102,ADVANTICA BODY,FLOOR,177,18MM FINN PLY FLOOR,18MM FINN PLY FLOOR,486.577,375.83892617449663,,,False,,279,NEW#4,REPOINT_CREATED,,667.7852348993289,DB was 486.577 vs Aug sheet 667.7852348993289 (pre-existing drift)
LINE_UPDATE,ADVANTICA BODY,103,ADVANTICA BODY,FLOOR,178,12MM FINN PLY FLOOR,12MM FINN PLY FLOOR,1055.0,798.0,,,False,,485,NEW#2,REPOINT_CREATED,,1055.0,
LINE_UPDATE,ADVANTICA BODY,109,ADVANTICA BODY,FLOOR,184,LVL BEAM,LVL BEAM,359.0,409.0,,,False,,280,280,IN_PLACE,,358.99999999999994,
LINE_UPDATE,ADVANTICA BODY,32,ADVANTICA BODY,FRONT,142,FRIDGE FRAME,FRIDGE FRAME,130.545,148.72727272727272,,,False,,265,NEW#3,REPOINT_CREATED,,130.54545454545453,
LINE_UPDATE,ADVANTICA BODY,33,ADVANTICA BODY,FRONT,143,LVL BOTTOM BEAM,LVL BOTTOM BEAM,130.545,148.72727272727272,,,False,,266,266,IN_PLACE,,130.54545454545453,
LINE_UPDATE,ADVANTICA BODY,81,ADVANTICA BODY,SIDES,166,LVL BOTTOM BEAM,LVL BOTTOM BEAM,130.545,148.72727272727272,,,False,,274,266,REPOINT_EXISTING,,130.54545454545453,
LINE_UPDATE,CHESTER SPEC MEAT BODY,75,CHESTER SPEC MEAT BODY,DRD,1183,EXT GRP SKIN 2*300,EXT GRP SKIN 2*300,264.37,263.65,,,False,,99,NEW#22,REPOINT_CREATED,,272.27,DB was 264.37 vs Aug sheet 272.27 (pre-existing drift)
PU_COVERED,CHESTER SPEC MEAT BODY,78,CHESTER SPEC MEAT BODY,DRD,1186,PU,PU,352.12,245.73583892617447,,245.73583892617447,False,,209,209,UNCHANGED,PU-32D(new override),258.3223087248322,DB was 352.12 vs Aug sheet 258.3223087248322
LINE_UPDATE,CHESTER SPEC MEAT BODY,80,CHESTER SPEC MEAT BODY,DRD,1188,6MM PF PLYWOOD,6MM PF PLYWOOD,95.6376,86.57718120805369,,,False,,331,NEW#17,REPOINT_CREATED,,95.63758389261746,
LINE_UPDATE,CHESTER SPEC MEAT BODY,82,CHESTER SPEC MEAT BODY,DRD,1190,INT GRP SKIN 1*450,INT GRP SKIN 1*450,282.53,272.27,,,False,,103,NEW#20,REPOINT_CREATED,,267.84,DB was 282.53 vs Aug sheet 267.84 (pre-existing drift)
PU_COVERED,CHESTER SPEC MEAT BODY,141,CHESTER SPEC MEAT BODY,FLOOR,1228,PU,PU,523.937,409.5597315436242,,409.5597315436242,False,,236,236,UNCHANGED,PU-32D(new override),430.5371812080537,DB was 523.937 vs Aug sheet 430.5371812080537
LINE_UPDATE,CHESTER SPEC MEAT BODY,24,CHESTER SPEC MEAT BODY,FRONT,1148,EXT GRP SKIN 2*450,EXT GRP SKIN 2*450,264.37,263.65,,,False,,318,NEW#16,REPOINT_CREATED,,272.27,DB was 264.37 vs Aug sheet 272.27 (pre-existing drift)
PU_COVERED,CHESTER SPEC MEAT BODY,27,CHESTER SPEC MEAT BODY,FRONT,1151,PU,PU,352.12,245.73583892617447,,245.73583892617447,False,,207,207,UNCHANGED,PU-32D(new override),258.3223087248322,DB was 352.12 vs Aug sheet 258.3223087248322
LINE_UPDATE,CHESTER SPEC MEAT BODY,29,CHESTER SPEC MEAT BODY,FRONT,1153,6MM PF PLYWOOD,6MM PF PLYWOOD,95.6376,86.57718120805369,,,False,,327,NEW#17,REPOINT_CREATED,,95.63758389261746,
LINE_UPDATE,CHESTER SPEC MEAT BODY,31,CHESTER SPEC MEAT BODY,FRONT,1155,100*62 PICTURE FRAME,100*62 PICTURE FRAME,36.3205,37.28646144505161,,,False,,330,NEW#19,REPOINT_CREATED,,38.09979477838494,DB was 36.3205 vs Aug sheet 38.09979477838494 (pre-existing drift)
LINE_UPDATE,CHESTER SPEC MEAT BODY,32,CHESTER SPEC MEAT BODY,FRONT,1156,INT GRP SKIN 1*450,INT GRP SKIN 1*450,282.53,272.27,,,False,,98,NEW#20,REPOINT_CREATED,,267.84,DB was 282.53 vs Aug sheet 267.84 (pre-existing drift)
LINE_UPDATE,CHESTER SPEC MEAT BODY,124,CHESTER SPEC MEAT BODY,ROOF,1216,EXT GRP SKIN 2*300,EXT GRP SKIN 2*300,282.53,272.27,,,False,,177,290,REPOINT_EXISTING,,267.84,DB was 282.53 vs Aug sheet 267.84 (pre-existing drift)
PU_COVERED,CHESTER SPEC MEAT BODY,127,CHESTER SPEC MEAT BODY,ROOF,1219,PU,PU,157.599,409.5597315436242,,409.5597315436242,False,,213,213,UNCHANGED,PU-32D(new override),430.5371812080537,DB was 157.599 vs Aug sheet 430.5371812080537
LINE_UPDATE,CHESTER SPEC MEAT BODY,130,CHESTER SPEC MEAT BODY,ROOF,1222,6MM PF PLYWOOD,6MM PF PLYWOOD,95.64,258.0,,,False,,335,NEW#18,REPOINT_CREATED,,285.0,DB was 95.64 vs Aug sheet 285.0 (pre-existing drift)
LINE_UPDATE,CHESTER SPEC MEAT BODY,132,CHESTER SPEC MEAT BODY,ROOF,1224,INT GRP SKIN 2*450,INT GRP SKIN 2*450,282.53,272.27,,,False,,336,NEW#27,REPOINT_CREATED,,267.84,DB was 282.53 vs Aug sheet 267.84 (pre-existing drift)
LINE_UPDATE,CHESTER SPEC MEAT BODY,133,CHESTER SPEC MEAT BODY,ROOF,1225,94MM PICTURE FRAME,94MM PICTURE FRAME,42.4329,44.40719477838495,,,False,,195,319,REPOINT_EXISTING,,45.22052811171828,DB was 42.4329 vs Aug sheet 45.22052811171828 (pre-existing drift)
LINE_UPDATE,CHESTER SPEC MEAT BODY,108,CHESTER SPEC MEAT BODY,SIDES,1205,EXT GRP SKIN 2*450,EXT GRP SKIN 2*450,264.37,263.65,,,False,,320,NEW#16,REPOINT_CREATED,,272.27,DB was 264.37 vs Aug sheet 272.27 (pre-existing drift)
PU_COVERED,CHESTER SPEC MEAT BODY,111,CHESTER SPEC MEAT BODY,SIDES,1208,PU,PU,352.12,245.73583892617447,,245.73583892617447,False,,211,211,UNCHANGED,PU-32D(new override),258.3223087248322,DB was 352.12 vs Aug sheet 258.3223087248322
LINE_UPDATE,CHESTER SPEC MEAT BODY,113,CHESTER SPEC MEAT BODY,SIDES,1210,60*50 LVL BEAMS,60*50 LVL BEAMS,128.674,409.0,,,False,,332,NEW#23,REPOINT_CREATED,,359.0,DB was 128.674 vs Aug sheet 359.0 (pre-existing drift)
LINE_UPDATE,CHESTER SPEC MEAT BODY,114,CHESTER SPEC MEAT BODY,SIDES,1211,4MM PF PLYWOOD,4MM PF PLYWOOD,95.6376,258.0,,,False,,121,NEW#24,REPOINT_CREATED,,285.0,DB was 95.6376 vs Aug sheet 285.0 (pre-existing drift)
LINE_UPDATE,CHESTER SPEC MEAT BODY,116,CHESTER SPEC MEAT BODY,SIDES,1213,INT GRP SKIN1*450,INT GRP SKIN1*450,282.53,272.27,,,False,,333,NEW#25,REPOINT_CREATED,,267.84,DB was 282.53 vs Aug sheet 267.84 (pre-existing drift)
LINE_UPDATE,CHESTER SPEC MEAT BODY,117,CHESTER SPEC MEAT BODY,SIDES,1214,58MM PICTURE FRAME,58MM PICTURE FRAME,36.3205,37.28646144505161,,,False,,235,NEW#26,REPOINT_CREATED,,38.09979477838494,DB was 36.3205 vs Aug sheet 38.09979477838494 (pre-existing drift)
LINE_UPDATE,CHESTER SPEC MEAT BODY,38,CHESTER SPEC MEAT BODY,SRD,1157,EXT GRP SKIN 2*450,EXT GRP SKIN 2*450,223.0,263.65,,,False,,663,NEW#16,REPOINT_CREATED,,272.27,DB was 223.0 vs Aug sheet 272.27 (pre-existing drift)
LINE_UPDATE,CHESTER SPEC MEAT BODY,43,CHESTER SPEC MEAT BODY,SRD,1162,6MM PF PLYWWOD,6MM PF PLYWWOD,95.6376,86.57718120805369,,,False,,664,NEW#21,REPOINT_CREATED,,95.63758389261746,
LINE_UPDATE,CHESTER SPEC MEAT BODY,45,CHESTER SPEC MEAT BODY,SRD,1164,INT GRP SKIN 1*450,INT GRP SKIN 1*450,282.53,272.27,,,False,,294,NEW#20,REPOINT_CREATED,,267.84,DB was 282.53 vs Aug sheet 267.84 (pre-existing drift)
LINE_UPDATE,UP TO 2.3 CHILLER BODY,36,CHILLER 2.3 METER,DRD,3720,EXT GRP SKIN 2*300,Rhinotex 1150 BW,264.37,213.11,,,False,,99,125,REPOINT_EXISTING,,272.27,DB was 264.37 vs Aug sheet 272.27 (pre-existing drift)
LINE_UPDATE,UP TO 2.3 CHILLER BODY,76,CHILLER 2.3 METER,DRD,3725,INT GRP SKIN 2*300,Rhinotex 1150 Bioshield,282.53,222.76,,,False,,174,174,IN_PLACE,,267.84,DB was 282.53 vs Aug sheet 267.84 (pre-existing drift)
LINE_UPDATE,UP TO 2.3 CHILLER BODY,115,CHILLER 2.3 METER,FLOOR,3756,EXT GRP SKIN 2*300,Rhinotex 1150 BW,282.53,213.11,,,False,,131,125,REPOINT_EXISTING,,267.84,DB was 282.53 vs Aug sheet 267.84 (pre-existing drift)
LINE_UPDATE,UP TO 2.3 CHILLER BODY,133,CHILLER 2.3 METER,FLOOR,3761,9MM PF PLYWOOD,9MM PF PLYWOOD,124.16,112.75167785234899,124.16,,True,,196,NEW#52,REPOINT_CREATED,,124.16107382550335,
LINE_UPDATE,UP TO 2.3 CHILLER BODY,135,CHILLER 2.3 METER,FLOOR,3763,100*50 timber,100*50 LVL Beam,128.674,146.59498207885304,,,False,,136,NEW#50,REPOINT_CREATED,,128.67383512544802,
LINE_UPDATE,UP TO 2.3 CHILLER BODY,136,CHILLER 2.3 METER,FLOOR,3764,2*300 INT LAMINATION,2*300 INT LAMINATION,31.9395,50.153999999999996,,,False,,137,NEW#40,REPOINT_CREATED,,100.30799999999999,DB was 31.9395 vs Aug sheet 100.30799999999999 (pre-existing drift)
LINE_UPDATE,UP TO 2.3 CHILLER BODY,29,CHILLER 2.3 METER,FRONT,3694,58MM PICTURE FRAME,58MM PICTURE FRAME,36.3205,37.28646144505161,,,False,,193,NEW#26,REPOINT_CREATED,,38.09979477838494,DB was 36.3205 vs Aug sheet 38.09979477838494 (pre-existing drift)
LINE_UPDATE,UP TO 2.3 CHILLER BODY,30,CHILLER 2.3 METER,FRONT,3695,INT GRP SKIN 2*300,Rhinotex 1150 Bioshield,282.53,222.76,,,False,,194,194,IN_PLACE,,267.84,DB was 282.53 vs Aug sheet 267.84 (pre-existing drift)
LINE_UPDATE,UP TO 2.3 CHILLER BODY,102,CHILLER 2.3 METER,ROOF,3748,EXT GRP SKIN 2*300,Rhinotex 1150 BW,282.53,213.11,,,False,,177,125,REPOINT_EXISTING,,272.27,DB was 282.53 vs Aug sheet 272.27 (pre-existing drift)
LINE_UPDATE,UP TO 2.3 CHILLER BODY,120,CHILLER 2.3 METER,ROOF,3753,INT GRP SKIN 2*300,Rhinotex 1150 Bioshield,282.53,222.76,,,False,,178,178,IN_PLACE,,267.84,DB was 282.53 vs Aug sheet 267.84 (pre-existing drift)
LINE_UPDATE,UP TO 2.3 CHILLER BODY,121,CHILLER 2.3 METER,ROOF,3754,94MM PICTURE FRAME,94MM PICTURE FRAME,42.4329,44.40719477838495,,,False,,195,319,REPOINT_EXISTING,,45.22052811171828,DB was 42.4329 vs Aug sheet 45.22052811171828 (pre-existing drift)
LINE_UPDATE,UP TO 2.3 CHILLER BODY,107,CHILLER 2.3 METER,SIDES,3745,INT GRP SKIN 2*300,Rhinotex 1150 Bioshield,282.53,222.76,,,False,,176,176,IN_PLACE,,267.84,DB was 282.53 vs Aug sheet 267.84 (pre-existing drift)
LINE_UPDATE,UP TO 2.3 CHILLER BODY,108,CHILLER 2.3 METER,SIDES,3746,58 MM PICTURE FRAME,58 MM PICTURE FRAME,36.3205,37.28646144505161,,,False,,123,123,IN_PLACE,,38.09979477838494,DB was 36.3205 vs Aug sheet 38.09979477838494 (pre-existing drift)
LINE_UPDATE,UP TO 2.3 CHILLER BODY,71,CHILLER 2.3 METER,SIDES,3740,EXT GRP SKIN 2*300,Rhinotex 1150 BW,264.37,213.11,,,False,,118,125,REPOINT_EXISTING,,272.27,DB was 264.37 vs Aug sheet 272.27 (pre-existing drift)
LINE_UPDATE,UP TO 2.3 CHILLER BODY,24,CHILLER 2.3 METER,SRD,3696,EXT GRP SKIN 2*300,Rhinotex 1150 BW,256.5,213.11,256.5,,True,,290,125,REPOINT_EXISTING,,272.27,DB was 256.5 vs Aug sheet 272.27 (pre-existing drift)
LINE_UPDATE,UP TO 2.3 CHILLER BODY,41,CHILLER 2.3 METER,SRD,3701,INT GRP SKIN 2*300,Rhinotex 1150 Bioshield,192.5,222.76,,,False,,687,687,IN_PLACE,,267.84,DB was 192.5 vs Aug sheet 267.84 (pre-existing drift)
LINE_UPDATE, 4.9 & UP CHILLER AND 2.5 WIDE ,40,CHILLER LARGE,DRD,3342,EXT GRP SKIN 2*300,Rhinotex 1150 BW,264.37,213.11,,,False,,99,125,REPOINT_EXISTING,,272.27,DB was 264.37 vs Aug sheet 272.27 (pre-existing drift)
LINE_UPDATE, 4.9 & UP CHILLER AND 2.5 WIDE ,82,CHILLER LARGE,DRD,3347,4MM PF PLYWOOD,4MM PF PLYWOOD,71.48,68.79194630872483,,,False,,102,NEW#42,REPOINT_CREATED,,71.47651006711409,
LINE_UPDATE, 4.9 & UP CHILLER AND 2.5 WIDE ,84,CHILLER LARGE,DRD,3349,INT GRP SKIN 1*450,Rhinotex 1150 Bioshield,282.53,222.76,282.53,,True,last override batch 2026-07-04 16:44:48.105622,103,128,REPOINT_EXISTING,,267.84,DB was 282.53 vs Aug sheet 267.84 (pre-existing drift)
LINE_UPDATE, 4.9 & UP CHILLER AND 2.5 WIDE ,110,CHILLER LARGE,FLOOR,3382,EXT GRP SKIN 2*300,Rhinotex 1150 BW,282.53,213.11,,,False,,131,125,REPOINT_EXISTING,,272.27,DB was 282.53 vs Aug sheet 272.27 (pre-existing drift)
LINE_UPDATE, 4.9 & UP CHILLER AND 2.5 WIDE ,143,CHILLER LARGE,FLOOR,3387,18 MM PF PLYWOOD,18 MM PF PLYWOOD,468.121,375.83892617449663,468.121,,True,,134,NEW#56,REPOINT_CREATED,,667.7852348993289,DB was 468.121 vs Aug sheet 667.7852348993289 (pre-existing drift)
LINE_UPDATE, 4.9 & UP CHILLER AND 2.5 WIDE ,145,CHILLER LARGE,FLOOR,3389,100*50 timber,100*50 LVL Beam,128.674,146.59498207885304,,,False,,136,NEW#50,REPOINT_CREATED,,128.67383512544802,
LINE_UPDATE, 4.9 & UP CHILLER AND 2.5 WIDE ,146,CHILLER LARGE,FLOOR,3390,2*300 INT LAMINATION,2*300 INT LAMINATION,31.9395,50.153999999999996,,,False,,137,NEW#40,REPOINT_CREATED,,100.30799999999999,DB was 31.9395 vs Aug sheet 100.30799999999999 (pre-existing drift)
LINE_UPDATE, 4.9 & UP CHILLER AND 2.5 WIDE ,31,CHILLER LARGE,FRONT,3312,4MM PF PLYWOOD,4MM PF PLYWOOD,71.48,68.79194630872483,71.48,,True,,96,NEW#42,REPOINT_CREATED,,71.47651006711409,
LINE_UPDATE, 4.9 & UP CHILLER AND 2.5 WIDE ,33,CHILLER LARGE,FRONT,3314,58 MM PICTURE FRAME,58 MM PICTURE FRAME,36.3205,37.28646144505161,,,False,,97,97,IN_PLACE,,38.09979477838494,DB was 36.3205 vs Aug sheet 38.09979477838494 (pre-existing drift)
LINE_UPDATE, 4.9 & UP CHILLER AND 2.5 WIDE ,34,CHILLER LARGE,FRONT,3315,INT GRP SKIN 1*450,Rhinotex 1150 Bioshield,282.53,222.76,,,False,,98,128,REPOINT_EXISTING,,267.84,DB was 282.53 vs Aug sheet 267.84 (pre-existing drift)
LINE_UPDATE, 4.9 & UP CHILLER AND 2.5 WIDE ,125,CHILLER LARGE,ROOF,3374,EXT GRP SKIN 1*450,Rhinotex 1150 BW,282.54,213.11,,,False,,125,125,IN_PLACE,,267.84,DB was 282.54 vs Aug sheet 267.84 (pre-existing drift)
LINE_UPDATE, 4.9 & UP CHILLER AND 2.5 WIDE ,130,CHILLER LARGE,ROOF,3379,INT GRP SKIN 1*450,Rhinotex 1150 Bioshield,282.5,222.76,,,False,,128,128,IN_PLACE,,267.84,DB was 282.5 vs Aug sheet 267.84 (pre-existing drift)
LINE_UPDATE, 4.9 & UP CHILLER AND 2.5 WIDE ,131,CHILLER LARGE,ROOF,3380,94 MM PICTURE FRAME,94 MM PICTURE FRAME,42.4329,44.40719477838495,,,False,,129,129,IN_PLACE,,45.22052811171828,DB was 42.4329 vs Aug sheet 45.22052811171828 (pre-existing drift)
LINE_UPDATE, 4.9 & UP CHILLER AND 2.5 WIDE ,115,CHILLER LARGE,SIDES,3369,4MM PF PLYWOOD,4MM PF PLYWOOD,71.48,68.79194630872483,71.48,,True,,121,NEW#42,REPOINT_CREATED,,71.47651006711409,
LINE_UPDATE, 4.9 & UP CHILLER AND 2.5 WIDE ,117,CHILLER LARGE,SIDES,3371,INT GRP SKIN 1*450,Rhinotex 1150 Bioshield,282.53,222.76,,,False,,122,128,REPOINT_EXISTING,,267.84,DB was 282.53 vs Aug sheet 267.84 (pre-existing drift)
LINE_UPDATE, 4.9 & UP CHILLER AND 2.5 WIDE ,118,CHILLER LARGE,SIDES,3372,58 MM PICTURE FRAME,58 MM PICTURE FRAME,36.3205,37.28646144505161,,,False,,123,123,IN_PLACE,,38.09979477838494,DB was 36.3205 vs Aug sheet 38.09979477838494 (pre-existing drift)
LINE_UPDATE, 4.9 & UP CHILLER AND 2.5 WIDE ,77,CHILLER LARGE,SIDES,3364,EXT GRP SKIN 2*300,Rhinotex 1150 BW,264.37,213.11,,,False,,118,125,REPOINT_EXISTING,,272.27,DB was 264.37 vs Aug sheet 272.27 (pre-existing drift)
LINE_UPDATE, 4.9 & UP CHILLER AND 2.5 WIDE ,26,CHILLER LARGE,SRD,3316,EXT GRP SKIN 2*300,Rhinotex 1150 BW,256.5,213.11,256.5,,True,,290,125,REPOINT_EXISTING,,272.27,DB was 256.5 vs Aug sheet 272.27 (pre-existing drift)
LINE_UPDATE, 4.9 & UP CHILLER AND 2.5 WIDE ,45,CHILLER LARGE,SRD,3321,4MM PF PLYWOOD,4MM PF PLYWOOD,95.64,86.57718120805369,95.64,,True,,293,NEW#37,REPOINT_CREATED,,95.63758389261746,
LINE_UPDATE, 4.9 & UP CHILLER AND 2.5 WIDE ,47,CHILLER LARGE,SRD,3323,INT GRP SKIN 1*450,Rhinotex 1150 Bioshield,282.53,222.76,,,False,,294,128,REPOINT_EXISTING,,267.84,DB was 282.53 vs Aug sheet 267.84 (pre-existing drift)
LINE_UPDATE,UP TO 5.5 CHILLER AND 2.3 WIDE,41,CHILLER MEDIUM,DRD,3202,EXT GRP SKIN 2*300,Rhinotex 1150 BW,264.37,213.11,,,False,,99,125,REPOINT_EXISTING,,272.27,DB was 264.37 vs Aug sheet 272.27 (pre-existing drift)
LINE_UPDATE,UP TO 5.5 CHILLER AND 2.3 WIDE,83,CHILLER MEDIUM,DRD,3207,4MM PF PLYWOOD,4MM PF PLYWOOD,71.48,68.79194630872483,71.48,,True,,102,NEW#42,REPOINT_CREATED,,71.47651006711409,
LINE_UPDATE,UP TO 5.5 CHILLER AND 2.3 WIDE,85,CHILLER MEDIUM,DRD,3209,INT GRP SKIN 2*300,Rhinotex 1150 Bioshield,282.53,222.76,,,False,,174,174,IN_PLACE,,267.84,DB was 282.53 vs Aug sheet 267.84 (pre-existing drift)
LINE_UPDATE,UP TO 5.5 CHILLER AND 2.3 WIDE,126,CHILLER MEDIUM,FLOOR,3242,EXT GRP SKIN 2*300,Rhinotex 1150 BW,282.53,213.11,,,False,,131,125,REPOINT_EXISTING,,267.84,DB was 282.53 vs Aug sheet 267.84 (pre-existing drift)
LINE_UPDATE,UP TO 5.5 CHILLER AND 2.3 WIDE,144,CHILLER MEDIUM,FLOOR,3247,12MM PF PLYWOOD,12MM PF PLYWOOD,162.75,267.7852348993289,162.75,,True,last override batch 2026-08-17 16:01:37.584067,179,NEW#60,REPOINT_CREATED,,354.0268456375839,DB was 162.75 vs Aug sheet 354.0268456375839 (pre-existing drift)
LINE_UPDATE,UP TO 5.5 CHILLER AND 2.3 WIDE,146,CHILLER MEDIUM,FLOOR,3249,228*50 TIMBER,228*50 TIMBER,128.674,146.59498207885304,,,False,,181,181,IN_PLACE,,128.67383512544802,
LINE_UPDATE,UP TO 5.5 CHILLER AND 2.3 WIDE,147,CHILLER MEDIUM,FLOOR,3250,100*50 timber,100*50 LVL Beam,128.674,146.59498207885304,,,False,,136,NEW#50,REPOINT_CREATED,,128.67383512544802,
LINE_UPDATE,UP TO 5.5 CHILLER AND 2.3 WIDE,148,CHILLER MEDIUM,FLOOR,3251,2*300 INT LAMINATION,2*300 INT LAMINATION,31.9395,50.153999999999996,,,False,,137,NEW#40,REPOINT_CREATED,,100.30799999999999,DB was 31.9395 vs Aug sheet 100.30799999999999 (pre-existing drift)
LINE_UPDATE,UP TO 5.5 CHILLER AND 2.3 WIDE,32,CHILLER MEDIUM,FRONT,3172,4MM PF PLYWOOD,4MM PF PLYWOOD,71.48,68.79194630872483,71.48,,True,,96,NEW#42,REPOINT_CREATED,,71.47651006711409,
LINE_UPDATE,UP TO 5.5 CHILLER AND 2.3 WIDE,34,CHILLER MEDIUM,FRONT,3174,58 MM PICTURE FRAME,58 MM PICTURE FRAME,36.3205,37.28646144505161,,,False,,97,97,IN_PLACE,,38.09979477838494,DB was 36.3205 vs Aug sheet 38.09979477838494 (pre-existing drift)
LINE_UPDATE,UP TO 5.5 CHILLER AND 2.3 WIDE,35,CHILLER MEDIUM,FRONT,3175,INT GRP SKIN 1*450,Rhinotex 1150 Bioshield,282.53,222.76,,,False,,98,128,REPOINT_EXISTING,,267.84,DB was 282.53 vs Aug sheet 267.84 (pre-existing drift)
LINE_UPDATE,UP TO 5.5 CHILLER AND 2.3 WIDE,111,CHILLER MEDIUM,ROOF,3234,EXT GRP SKIN 2*300,Rhinotex 1150 BW,282.53,213.11,,,False,,177,125,REPOINT_EXISTING,,272.27,DB was 282.53 vs Aug sheet 272.27 (pre-existing drift)
LINE_UPDATE,UP TO 5.5 CHILLER AND 2.3 WIDE,131,CHILLER MEDIUM,ROOF,3239,INT GRP SKIN 2*300,Rhinotex 1150 Bioshield,282.53,222.76,282.53,,True,last override batch 2026-07-04 16:44:48.105622,178,178,IN_PLACE,,267.84,DB was 282.53 vs Aug sheet 267.84 (pre-existing drift)
LINE_UPDATE,UP TO 5.5 CHILLER AND 2.3 WIDE,132,CHILLER MEDIUM,ROOF,3240,94 MM PICTURE FRAME,94 MM PICTURE FRAME,45.22,44.40719477838495,45.22,,True,,129,129,IN_PLACE,,45.22052811171828,
LINE_UPDATE,UP TO 5.5 CHILLER AND 2.3 WIDE,116,CHILLER MEDIUM,SIDES,3229,4MM PF PLYWOOD,4MM PF PLYWOOD,71.48,68.79194630872483,71.48,,True,,121,NEW#42,REPOINT_CREATED,,71.47651006711409,
LINE_UPDATE,UP TO 5.5 CHILLER AND 2.3 WIDE,118,CHILLER MEDIUM,SIDES,3231,INT GRP SKIN 2*300,Rhinotex 1150 Bioshield,282.53,222.76,,,False,,176,176,IN_PLACE,,267.84,DB was 282.53 vs Aug sheet 267.84 (pre-existing drift)
LINE_UPDATE,UP TO 5.5 CHILLER AND 2.3 WIDE,119,CHILLER MEDIUM,SIDES,3232,58 MM PICTURE FRAME,58 MM PICTURE FRAME,36.3205,37.28646144505161,,,False,,123,123,IN_PLACE,,38.09979477838494,DB was 36.3205 vs Aug sheet 38.09979477838494 (pre-existing drift)
LINE_UPDATE,UP TO 5.5 CHILLER AND 2.3 WIDE,78,CHILLER MEDIUM,SIDES,3224,EXT GRP SKIN 2*300,Rhinotex 1150 BW,264.37,213.11,,,False,,118,125,REPOINT_EXISTING,,272.27,DB was 264.37 vs Aug sheet 272.27 (pre-existing drift)
LINE_UPDATE,UP TO 5.5 CHILLER AND 2.3 WIDE,27,CHILLER MEDIUM,SRD,3176,EXT GRP SKIN 2*300,Rhinotex 1150 BW,272.27,213.11,,,False,,290,125,REPOINT_EXISTING,,272.27,
LINE_UPDATE,UP TO 5.5 CHILLER AND 2.3 WIDE,46,CHILLER MEDIUM,SRD,3181,4MM PF PLYWOOD,4MM PF PLYWOOD,71.48,68.79194630872483,,,False,,293,NEW#42,REPOINT_CREATED,,71.47651006711409,
LINE_UPDATE,UP TO 5.5 CHILLER AND 2.3 WIDE,48,CHILLER MEDIUM,SRD,3183,INT GRP SKIN 1*450,Rhinotex 1150 Bioshield,282.53,222.76,,,False,,294,128,REPOINT_EXISTING,,267.84,DB was 282.53 vs Aug sheet 267.84 (pre-existing drift)
LINE_UPDATE,DRY FREIGHT TRAILER,41,DRY FREIGHT TRAILER,DRD,1603,EXT GRP SKIN 2*300,Rhinotex 1150 BW,264.37,213.11,,,False,,99,125,REPOINT_EXISTING,,272.27,DB was 264.37 vs Aug sheet 272.27 (pre-existing drift)
LINE_UPDATE,DRY FREIGHT TRAILER,46,DRY FREIGHT TRAILER,DRD,1608,4MM PF PLYWOOD,4MM PF PLYWOOD,71.48,86.57718120805369,,,False,,102,NEW#37,REPOINT_CREATED,,95.63758389261746,DB was 71.48 vs Aug sheet 95.63758389261746 (pre-existing drift)
LINE_UPDATE,DRY FREIGHT TRAILER,48,DRY FREIGHT TRAILER,DRD,1610,INT GRP SKIN 1*450,Rhinoetx 1150 Bioshield,282.53,222.76,,,False,,103,NEW#36,REPOINT_CREATED,,267.84,DB was 282.53 vs Aug sheet 267.84 (pre-existing drift)
LINE_UPDATE,DRY FREIGHT TRAILER,103,DRY FREIGHT TRAILER,FLOOR,1643,EXT GRP SKIN 2*450,Rhinotex 1150 BW,282.53,213.11,,,False,,283,125,REPOINT_EXISTING,,267.84,DB was 282.53 vs Aug sheet 267.84 (pre-existing drift)
LINE_UPDATE,DRY FREIGHT TRAILER,105,DRY FREIGHT TRAILER,FLOOR,1645,18MM BIRCH PLY,18MM BIRCH PLY,468.121,1120.0,,,False,,322,NEW#39,REPOINT_CREATED,,1990.0,DB was 468.121 vs Aug sheet 1990.0 (pre-existing drift)
LINE_UPDATE,DRY FREIGHT TRAILER,106,DRY FREIGHT TRAILER,FLOOR,1646,2*300 INT LAMINATION,2*300 INT LAMINATION,31.9395,50.153999999999996,,,False,,137,NEW#40,REPOINT_CREATED,,100.30799999999999,DB was 31.9395 vs Aug sheet 100.30799999999999 (pre-existing drift)
LINE_UPDATE,DRY FREIGHT TRAILER,28,DRY FREIGHT TRAILER,FRONT,1594,EXT GRP SKIN 2*450,Rhinotex 1150 BW,264.37,213.11,,,False,,318,125,REPOINT_EXISTING,,272.27,DB was 264.37 vs Aug sheet 272.27 (pre-existing drift)
LINE_UPDATE,DRY FREIGHT TRAILER,33,DRY FREIGHT TRAILER,FRONT,1599,6MM PF PLYWOOD,6MM PF PLYWOOD,95.6376,86.57718120805369,,,False,,327,NEW#17,REPOINT_CREATED,,95.63758389261746,
LINE_UPDATE,DRY FREIGHT TRAILER,35,DRY FREIGHT TRAILER,FRONT,1601,94MM PICTURE FRAME,94MM PICTURE FRAME,42.4329,44.40719477838495,,,False,,319,319,IN_PLACE,,45.22052811171828,DB was 42.4329 vs Aug sheet 45.22052811171828 (pre-existing drift)
LINE_UPDATE,DRY FREIGHT TRAILER,36,DRY FREIGHT TRAILER,FRONT,1602,INT GRP SKIN 1*450,Rhinotex 1150 Bioshield,282.53,222.76,,,False,,98,128,REPOINT_EXISTING,,267.84,DB was 282.53 vs Aug sheet 267.84 (pre-existing drift)
LINE_UPDATE,DRY FREIGHT TRAILER,89,DRY FREIGHT TRAILER,ROOF,1635,EXT GRP SKIN 2*300,Rhinotex 1150 BW,282.53,213.11,,,False,,177,125,REPOINT_EXISTING,,267.84,DB was 282.53 vs Aug sheet 267.84 (pre-existing drift)
LINE_UPDATE,DRY FREIGHT TRAILER,94,DRY FREIGHT TRAILER,ROOF,1640,INT GRP SKIN 1*450,Rhinotex 1150 Bioshield,282.5,222.76,,,False,,128,128,IN_PLACE,,267.84,DB was 282.5 vs Aug sheet 267.84 (pre-existing drift)
LINE_UPDATE,DRY FREIGHT TRAILER,95,DRY FREIGHT TRAILER,ROOF,1641,94MM PICTURE FRAME,94MM PICTURE FRAME,42.4329,44.40719477838495,,,False,,195,319,REPOINT_EXISTING,,45.22052811171828,DB was 42.4329 vs Aug sheet 45.22052811171828 (pre-existing drift)
LINE_UPDATE,DRY FREIGHT TRAILER,74,DRY FREIGHT TRAILER,SIDES,1625,EXT GRP SKIN 2*450,Rhinotex 1150 BW,264.37,213.11,,,False,,320,125,REPOINT_EXISTING,,272.27,DB was 264.37 vs Aug sheet 272.27 (pre-existing drift)
LINE_UPDATE,DRY FREIGHT TRAILER,79,DRY FREIGHT TRAILER,SIDES,1630,6MM PF PLYWOOD,6MM PF PLYWOOD,95.6376,86.57718120805369,,,False,,328,NEW#17,REPOINT_CREATED,,95.63758389261746,
LINE_UPDATE,DRY FREIGHT TRAILER,81,DRY FREIGHT TRAILER,SIDES,1632,INT GRP SKIN 1*450,Rhinotex 1150 Bioshield,282.53,222.76,,,False,,122,128,REPOINT_EXISTING,,267.84,DB was 282.53 vs Aug sheet 267.84 (pre-existing drift)
LINE_UPDATE,DRY FREIGHT TRAILER,82,DRY FREIGHT TRAILER,SIDES,1633,56MM PICTURE FRAME,56MM PICTURE FRAME,36.3205,25.102459016393443,,,False,,321,NEW#38,REPOINT_CREATED,,24.760928961748633,DB was 36.3205 vs Aug sheet 24.760928961748633 (pre-existing drift)
LINE_UPDATE,EXPLOSIVE 2.7 TO 4.8,37,EXPLOSIVE 2.7 TO 4.8,DRD,6368,EXT GRP SKIN 2*300,Rhinotex 1150 BW,264.37,213.11,,,False,,99,125,REPOINT_EXISTING,,272.27,DB was 264.37 vs Aug sheet 272.27 (pre-existing drift)
PU_COVERED,EXPLOSIVE 2.7 TO 4.8,77,EXPLOSIVE 2.7 TO 4.8,DRD,6371,PU,PU,176.52,167.9194899328859,176.52,167.9194899328859,False,,209,209,UNCHANGED,PU-32D,176.520244295302,
LINE_UPDATE,EXPLOSIVE 2.7 TO 4.8,121,EXPLOSIVE 2.7 TO 4.8,FLOOR,6464,EXT GRP SKIN 2*300,Rhinotex 1150 BW,282.53,213.11,,,False,,131,125,REPOINT_EXISTING,,272.27,DB was 282.53 vs Aug sheet 272.27 (pre-existing drift)
LINE_UPDATE,EXPLOSIVE 2.7 TO 4.8,137,EXPLOSIVE 2.7 TO 4.8,FLOOR,6410,18MM PF PLYWOOD,18MM PF PLYWOOD,446.4,358.4,,,False,,222,NEW#58,REPOINT_CREATED,,636.8,DB was 446.4 vs Aug sheet 636.8 (pre-existing drift)
PU_COVERED,EXPLOSIVE 2.7 TO 4.8,27,EXPLOSIVE 2.7 TO 4.8,FRONT,6337,PU,PU,176.52,167.9194899328859,176.52,167.9194899328859,False,,207,207,UNCHANGED,PU-32D,176.520244295302,
LINE_UPDATE,EXPLOSIVE 2.7 TO 4.8,29,EXPLOSIVE 2.7 TO 4.8,FRONT,6339,4MM PF PLYWOOD,4MM PF PLYWOOD,95.64,86.57718120805369,,,False,,96,NEW#37,REPOINT_CREATED,,95.63758389261746,
LINE_UPDATE,EXPLOSIVE 2.7 TO 4.8,107,EXPLOSIVE 2.7 TO 4.8,ROOF,6399,EXT GRP SKIN 2*300,Rhinotex 1150 BW,282.53,213.11,,,False,,177,125,REPOINT_EXISTING,,272.27,DB was 282.53 vs Aug sheet 272.27 (pre-existing drift)
PU_COVERED,EXPLOSIVE 2.7 TO 4.8,124,EXPLOSIVE 2.7 TO 4.8,ROOF,6402,PU,PU,176.52,167.9194899328859,176.52,167.9194899328859,False,,213,213,UNCHANGED,PU-32D,176.520244295302,
PU_COVERED,EXPLOSIVE 2.7 TO 4.8,110,EXPLOSIVE 2.7 TO 4.8,SIDES,6393,PU,PU,176.52,167.9194899328859,176.52,167.9194899328859,False,,211,211,UNCHANGED,PU-32D,176.520244295302,
LINE_UPDATE,EXPLOSIVE 2.7 TO 4.8,74,EXPLOSIVE 2.7 TO 4.8,SIDES,6390,EXT GRP SKIN 2*300,Rhinotex 1150 BW,264.37,213.11,,,False,,118,125,REPOINT_EXISTING,,272.27,DB was 264.37 vs Aug sheet 272.27 (pre-existing drift)
LINE_UPDATE,EXPLOSIVE 2.7 TO 4.8,24,EXPLOSIVE 2.7 TO 4.8,SRD,6342,EXT GRP SKIN 2*300,Rhinotex 1150 BW,272.27,213.11,,,False,,290,125,REPOINT_EXISTING,,272.27,
LINE_UPDATE,EXPLOSIVE 2.7 TO 4.8,42,EXPLOSIVE 2.7 TO 4.8,SRD,6347,4MM PF PLYWOOD,4MM PF PLYWOOD,71.48,86.57718120805369,,,False,,293,NEW#37,REPOINT_CREATED,,95.63758389261746,DB was 71.48 vs Aug sheet 95.63758389261746 (pre-existing drift)
LINE_UPDATE,EXPLOSIVE 4.9 AND UP,37,EXPLOSIVE 4.9 AND UP,DRD,3971,EXT GRP SKIN 2*300,Rhinotex 1150 BW,264.37,213.11,,,False,,99,125,REPOINT_EXISTING,,272.27,DB was 264.37 vs Aug sheet 272.27 (pre-existing drift)
PU_COVERED,EXPLOSIVE 4.9 AND UP,77,EXPLOSIVE 4.9 AND UP,DRD,3974,PU,PU,180.83,172.01508724832217,180.83,172.01508724832217,False,last override batch 2026-08-18 08:47:23.790736,209,209,UNCHANGED,PU-4G-DISPLAY,246.48503355704702,DB was 180.83 vs Aug sheet 246.48503355704702
LINE_UPDATE,EXPLOSIVE 4.9 AND UP,121,EXPLOSIVE 4.9 AND UP,FLOOR,4011,EXT GRP SKIN 2*300,Rhinotex 1150 BW,282.53,213.11,,,False,,131,125,REPOINT_EXISTING,,272.27,DB was 282.53 vs Aug sheet 272.27 (pre-existing drift)
LINE_UPDATE,EXPLOSIVE 4.9 AND UP,137,EXPLOSIVE 4.9 AND UP,FLOOR,4013,18 MM PF PLYWOOD,18 MM PF PLYWOOD,446.4,358.4,446.4,,True,,134,NEW#59,REPOINT_CREATED,,636.8,DB was 446.4 vs Aug sheet 636.8 (pre-existing drift)
PU_COVERED,EXPLOSIVE 4.9 AND UP,27,EXPLOSIVE 4.9 AND UP,FRONT,3940,PU,PU,180.83,172.01508724832217,180.83,172.01508724832217,False,last override batch 2026-08-18 08:46:42.722113,207,207,UNCHANGED,PU-4G-DISPLAY,246.48503355704702,DB was 180.83 vs Aug sheet 246.48503355704702
LINE_UPDATE,EXPLOSIVE 4.9 AND UP,29,EXPLOSIVE 4.9 AND UP,FRONT,3942,4MM PF PLYWOOD,4MM PF PLYWOOD,95.64,86.57718120805369,,,False,,96,NEW#37,REPOINT_CREATED,,95.63758389261746,
LINE_UPDATE,EXPLOSIVE 4.9 AND UP,107,EXPLOSIVE 4.9 AND UP,ROOF,4002,EXT GRP SKIN 2*300,Rhinotex 1150 BW,282.53,213.11,,,False,,177,125,REPOINT_EXISTING,,272.27,DB was 282.53 vs Aug sheet 272.27 (pre-existing drift)
PU_COVERED,EXPLOSIVE 4.9 AND UP,124,EXPLOSIVE 4.9 AND UP,ROOF,4005,PU,PU,180.825591,172.01508724832217,180.825591,172.01508724832217,False,,213,213,UNCHANGED,PU-4G-DISPLAY,246.48503355704702,DB was 180.825591 vs Aug sheet 246.48503355704702
PU_COVERED,EXPLOSIVE 4.9 AND UP,110,EXPLOSIVE 4.9 AND UP,SIDES,3996,PU,PU,180.825591,172.01508724832217,180.825591,172.01508724832217,False,,211,211,UNCHANGED,PU-4G-DISPLAY,246.48503355704702,DB was 180.825591 vs Aug sheet 246.48503355704702
LINE_UPDATE,EXPLOSIVE 4.9 AND UP,74,EXPLOSIVE 4.9 AND UP,SIDES,3993,EXT GRP SKIN 2*300,Rhinotex 1150 BW,264.37,213.11,,,False,,118,125,REPOINT_EXISTING,,272.27,DB was 264.37 vs Aug sheet 272.27 (pre-existing drift)
LINE_UPDATE,EXPLOSIVE 4.9 AND UP,79,EXPLOSIVE 4.9 AND UP,SIDES,3998,4MM PF PLYWOOD,4MM PF PLYWOOD,95.6376,86.57718120805369,,,False,,121,NEW#37,REPOINT_CREATED,,95.63758389261746,
LINE_UPDATE,EXPLOSIVE 4.9 AND UP,24,EXPLOSIVE 4.9 AND UP,SRD,3945,EXT GRP SKIN 2*300,Rhinotex 1150 BW,256.5,213.11,256.5,,True,,290,125,REPOINT_EXISTING,,272.27,DB was 256.5 vs Aug sheet 272.27 (pre-existing drift)
LINE_UPDATE,EXPLOSIVE 4.9 AND UP,42,EXPLOSIVE 4.9 AND UP,SRD,3950,4MM PF PLYWOOD,4MM PF PLYWOOD,71.48,86.57718120805369,,,False,,293,NEW#37,REPOINT_CREATED,,95.63758389261746,DB was 71.48 vs Aug sheet 95.63758389261746 (pre-existing drift)
LINE_UPDATE,EXPLOSIVE UP TO 2.7,37,EXPLOSIVE UP TO 2.7,DRD,5207,EXT GRP SKIN 2*300,Rhinotex 1150 BW,256.5,213.11,256.5,,True,,99,125,REPOINT_EXISTING,,272.27,DB was 256.5 vs Aug sheet 272.27 (pre-existing drift)
PU_COVERED,EXPLOSIVE UP TO 2.7,77,EXPLOSIVE UP TO 2.7,DRD,5210,PU,PU,176.52,167.9194899328859,176.52,167.9194899328859,False,,209,209,UNCHANGED,PU-32D,176.520244295302,
LINE_UPDATE,EXPLOSIVE UP TO 2.7,79,EXPLOSIVE UP TO 2.7,DRD,5212,4MM PF PLYWOOD,4MM PF PLYWOOD,71.48,68.79194630872483,71.48,,True,,102,NEW#42,REPOINT_CREATED,,71.47651006711409,
LINE_UPDATE,EXPLOSIVE UP TO 2.7,121,EXPLOSIVE UP TO 2.7,FLOOR,5247,EXT GRP SKIN 2*300,Rhinotex 1150 BW,264.37,213.11,264.37,,True,,131,125,REPOINT_EXISTING,,272.27,DB was 264.37 vs Aug sheet 272.27 (pre-existing drift)
LINE_UPDATE,EXPLOSIVE UP TO 2.7,137,EXPLOSIVE UP TO 2.7,FLOOR,5249,9MM PF PLYWOOD,9MM PF PLYWOOD,446.4,358.4,,,False,,196,NEW#57,REPOINT_CREATED,,636.8,DB was 446.4 vs Aug sheet 636.8 (pre-existing drift)
PU_COVERED,EXPLOSIVE UP TO 2.7,27,EXPLOSIVE UP TO 2.7,FRONT,5176,PU,PU,176.52,167.9194899328859,176.52,167.9194899328859,False,,207,207,UNCHANGED,PU-32D,176.520244295302,
LINE_UPDATE,EXPLOSIVE UP TO 2.7,29,EXPLOSIVE UP TO 2.7,FRONT,5178,4MM PF PLYWOOD,4MM PF PLYWOOD,71.48,68.79194630872483,71.48,,True,,96,NEW#42,REPOINT_CREATED,,71.47651006711409,
LINE_UPDATE,EXPLOSIVE UP TO 2.7,107,EXPLOSIVE UP TO 2.7,ROOF,5238,EXT GRP SKIN 2*300,Rhinotex 1150 BW,256.5,213.11,256.5,,True,,177,125,REPOINT_EXISTING,,272.27,DB was 256.5 vs Aug sheet 272.27 (pre-existing drift)
PU_COVERED,EXPLOSIVE UP TO 2.7,124,EXPLOSIVE UP TO 2.7,ROOF,5241,PU,PU,176.52,167.9194899328859,176.52,167.9194899328859,False,,213,213,UNCHANGED,PU-32D,176.520244295302,
LINE_UPDATE,EXPLOSIVE UP TO 2.7,126,EXPLOSIVE UP TO 2.7,ROOF,5243,4MM PF PLYWOOD,4MM PF PLYWOOD,71.48,68.79194630872483,71.48,,True,,214,NEW#42,REPOINT_CREATED,,71.47651006711409,
PU_COVERED,EXPLOSIVE UP TO 2.7,110,EXPLOSIVE UP TO 2.7,SIDES,5232,PU,PU,176.52,167.9194899328859,176.52,167.9194899328859,False,,211,211,UNCHANGED,PU-32D,176.520244295302,
LINE_UPDATE,EXPLOSIVE UP TO 2.7,112,EXPLOSIVE UP TO 2.7,SIDES,5234,4MM PF PLYWOOD,4MM PF PLYWOOD,71.48,68.79194630872483,71.48,,True,,121,NEW#42,REPOINT_CREATED,,71.47651006711409,
LINE_UPDATE,EXPLOSIVE UP TO 2.7,74,EXPLOSIVE UP TO 2.7,SIDES,5229,EXT GRP SKIN 2*300,Rhinotex 1150 BW,264.37,213.11,,,False,,118,125,REPOINT_EXISTING,,272.27,DB was 264.37 vs Aug sheet 272.27 (pre-existing drift)
LINE_UPDATE,EXPLOSIVE UP TO 2.7,24,EXPLOSIVE UP TO 2.7,SRD,5181,EXT GRP SKIN 2*300,Rhinotex 1150 BW,272.27,213.11,,,False,,290,125,REPOINT_EXISTING,,272.27,
LINE_UPDATE,EXPLOSIVE UP TO 2.7,42,EXPLOSIVE UP TO 2.7,SRD,5186,4MM PF PLYWOOD,4MM PF PLYWOOD,71.48,68.79194630872483,,,False,,293,NEW#42,REPOINT_CREATED,,71.47651006711409,
LINE_UPDATE," UP TO 2,3 MTR FREEZER ",36,FREEZER 2.3 METER,DRD,3597,EXT GRP SKIN 2*300,Rhinotex 1150 BW,264.37,213.11,,,False,,99,125,REPOINT_EXISTING,,272.27,DB was 264.37 vs Aug sheet 272.27 (pre-existing drift)
PU_COVERED," UP TO 2,3 MTR FREEZER ",74,FREEZER 2.3 METER,DRD,3600,PU,PU,258.32,245.73583892617447,258.32,245.73583892617447,False,,209,209,UNCHANGED,PU-32D,258.3223087248322,
LINE_UPDATE," UP TO 2,3 MTR FREEZER ",76,FREEZER 2.3 METER,DRD,3602,INT GRP SKIN 2*300,Rhinotex 1150 Bioshield,282.53,222.76,,,False,,174,174,IN_PLACE,,267.84,DB was 282.53 vs Aug sheet 267.84 (pre-existing drift)
LINE_UPDATE," UP TO 2,3 MTR FREEZER ",102,FREEZER 2.3 METER,FLOOR,3633,EXT GRP SKIN 2*300,Rhinotex 1150 BW,282.53,213.11,,,False,,131,125,REPOINT_EXISTING,,272.27,DB was 282.53 vs Aug sheet 272.27 (pre-existing drift)
LINE_UPDATE," UP TO 2,3 MTR FREEZER ",133,FREEZER 2.3 METER,FLOOR,3638,9MM PF PLYWOOD,9MM PF PLYWOOD,124.16,112.75167785234899,124.16,,True,,196,NEW#52,REPOINT_CREATED,,124.16107382550335,
LINE_UPDATE," UP TO 2,3 MTR FREEZER ",135,FREEZER 2.3 METER,FLOOR,3640,228*50 TIMBER,228*50 TIMBER,128.674,146.59498207885304,,,False,,181,181,IN_PLACE,,128.67383512544802,
LINE_UPDATE," UP TO 2,3 MTR FREEZER ",136,FREEZER 2.3 METER,FLOOR,3641,100*50 timber,100*50 LVL Beam,128.674,146.59498207885304,,,False,,136,NEW#50,REPOINT_CREATED,,128.67383512544802,
LINE_UPDATE," UP TO 2,3 MTR FREEZER ",137,FREEZER 2.3 METER,FLOOR,3642,2*300 INT LAMINATION,2*300 INT LAMINATION,31.9395,50.153999999999996,,,False,,137,NEW#40,REPOINT_CREATED,,100.30799999999999,DB was 31.9395 vs Aug sheet 100.30799999999999 (pre-existing drift)
PU_COVERED," UP TO 2,3 MTR FREEZER ",27,FREEZER 2.3 METER,FRONT,3569,PU,PU,258.32,245.73583892617447,258.32,245.73583892617447,False,,207,207,UNCHANGED,PU-32D,258.3223087248322,
LINE_UPDATE," UP TO 2,3 MTR FREEZER ",29,FREEZER 2.3 METER,FRONT,3571,58MM PICTURE FRAME,58MM PICTURE FRAME,36.3205,37.28646144505161,,,False,,193,NEW#26,REPOINT_CREATED,,38.09979477838494,DB was 36.3205 vs Aug sheet 38.09979477838494 (pre-existing drift)
LINE_UPDATE," UP TO 2,3 MTR FREEZER ",30,FREEZER 2.3 METER,FRONT,3572,INT GRP SKIN 1*450,Rhinotex 1150 Bioshield,282.53,222.76,,,False,,98,128,REPOINT_EXISTING,,267.84,DB was 282.53 vs Aug sheet 267.84 (pre-existing drift)
LINE_UPDATE," UP TO 2,3 MTR FREEZER ",115,FREEZER 2.3 METER,ROOF,3625,EXT GRP SKIN 1*450,Rhinotex 1150 BW,282.54,213.11,,,False,,125,125,IN_PLACE,,267.84,DB was 282.54 vs Aug sheet 267.84 (pre-existing drift)
LINE_UPDATE," UP TO 2,3 MTR FREEZER ",120,FREEZER 2.3 METER,ROOF,3630,94MM PICTURE FRAME,94MM PICTURE FRAME,45.2205,44.40719477838495,45.2205,,True,,195,319,REPOINT_EXISTING,,45.22052811171828,
LINE_UPDATE," UP TO 2,3 MTR FREEZER ",121,FREEZER 2.3 METER,ROOF,3631,INT GRP SKIN 2*300,Rhinotex 1150 Bioshield,282.53,222.76,,,False,,178,178,IN_PLACE,,267.84,DB was 282.53 vs Aug sheet 267.84 (pre-existing drift)
PU_COVERED," UP TO 2,3 MTR FREEZER ",105,FREEZER 2.3 METER,SIDES,3620,PU,PU,258.32,245.73583892617447,258.32,245.73583892617447,False,,211,211,UNCHANGED,PU-32D,258.3223087248322,
LINE_UPDATE," UP TO 2,3 MTR FREEZER ",107,FREEZER 2.3 METER,SIDES,3622,58MM PICTURE FARME,58MM PICTURE FARME,38.1,37.28646144505161,38.1,,True,,281,281,IN_PLACE,,38.09979477838494,
LINE_UPDATE," UP TO 2,3 MTR FREEZER ",108,FREEZER 2.3 METER,SIDES,3623,INT GRP SKIN 1*450,Rhinotex 1150 Bioshield,282.53,222.76,,,False,,122,128,REPOINT_EXISTING,,267.84,DB was 282.53 vs Aug sheet 267.84 (pre-existing drift)
LINE_UPDATE," UP TO 2,3 MTR FREEZER ",71,FREEZER 2.3 METER,SIDES,3617,EXT GRP SKIN 2*300,Rhinotex 1150 BW,264.37,213.11,,,False,,118,125,REPOINT_EXISTING,,272.27,DB was 264.37 vs Aug sheet 272.27 (pre-existing drift)
LINE_UPDATE," UP TO 2,3 MTR FREEZER ",24,FREEZER 2.3 METER,SRD,3573,EXT GRP SKIN 2*300,Rhinotex 1150 BW,256.5,213.11,256.5,,True,,290,125,REPOINT_EXISTING,,272.27,DB was 256.5 vs Aug sheet 272.27 (pre-existing drift)
LINE_UPDATE," UP TO 2,3 MTR FREEZER ",41,FREEZER 2.3 METER,SRD,3578,INT GRP SKIN 2*300,Rhinotex 1150 Bioshield,192.5,222.76,,,False,,687,687,IN_PLACE,,267.84,DB was 192.5 vs Aug sheet 267.84 (pre-existing drift)
LINE_UPDATE, 4.9 & UP FREEZER BODY (2,43,FREEZER LARGE,DRD,2584,EXT GRP SKIN 2*300,Rhinotex 1150 BW,264.37,213.11,,,False,,99,125,REPOINT_EXISTING,,272.27,DB was 264.37 vs Aug sheet 272.27 (pre-existing drift)
PU_COVERED, 4.9 & UP FREEZER BODY (2,84,FREEZER LARGE,DRD,2587,PU,PU,258.32,245.73583892617447,258.32,245.73583892617447,False,,209,209,UNCHANGED,PU-32D,258.3223087248322,
LINE_UPDATE, 4.9 & UP FREEZER BODY (2,86,FREEZER LARGE,DRD,2589,4MM PF PLYWOOD,4MM PF PLYWOOD,95.64,86.57718120805369,95.64,,True,,102,NEW#37,REPOINT_CREATED,,95.63758389261746,
LINE_UPDATE, 4.9 & UP FREEZER BODY (2,88,FREEZER LARGE,DRD,2591,INT GRP SKIN 1*450,Rhinotex 1150 Bioshield,282.53,222.76,,,False,,103,128,REPOINT_EXISTING,,267.84,DB was 282.53 vs Aug sheet 267.84 (pre-existing drift)
LINE_UPDATE, 4.9 & UP FREEZER BODY (2,115,FREEZER LARGE,FLOOR,2625,EXT GRP SKIN 2*300,Rhinotex 1150 BW,282.53,213.11,,,False,,131,125,REPOINT_EXISTING,,240.09,DB was 282.53 vs Aug sheet 240.09 (pre-existing drift)
PU_COVERED, 4.9 & UP FREEZER BODY (2,146,FREEZER LARGE,FLOOR,2628,PU,PU,430.537,409.5597315436242,430.537,409.5597315436242,False,,236,236,UNCHANGED,PU-32D,430.5371812080537,
LINE_UPDATE, 4.9 & UP FREEZER BODY (2,148,FREEZER LARGE,FLOOR,2630,18 MM PF PLYWOOD,18 MM PF PLYWOOD,468.12,375.83892617449663,468.12,,True,,134,NEW#56,REPOINT_CREATED,,667.7852348993289,DB was 468.12 vs Aug sheet 667.7852348993289 (pre-existing drift)
LINE_UPDATE, 4.9 & UP FREEZER BODY (2,151,FREEZER LARGE,FLOOR,2633,100*50 timber,100*50 LVL Beam,128.674,146.59498207885304,,,False,,136,NEW#50,REPOINT_CREATED,,128.67383512544802,
PU_COVERED, 4.9 & UP FREEZER BODY (2,32,FREEZER LARGE,FRONT,2551,PU,PU,258.32,245.73583892617447,258.32,245.73583892617447,False,,207,207,UNCHANGED,PU-32D,266.9330523489933,DB was 258.32 vs Aug sheet 266.9330523489933
LINE_UPDATE, 4.9 & UP FREEZER BODY (2,34,FREEZER LARGE,FRONT,2553,4MM PF PLYWOOD,4MM PF PLYWOOD,71.48,68.79194630872483,71.48,,True,,96,NEW#42,REPOINT_CREATED,,71.47651006711409,
LINE_UPDATE, 4.9 & UP FREEZER BODY (2,36,FREEZER LARGE,FRONT,2555,58MM PICTURE FRAME,58MM PICTURE FRAME,36.3205,37.28646144505161,,,False,,193,NEW#26,REPOINT_CREATED,,38.09979477838494,DB was 36.3205 vs Aug sheet 38.09979477838494 (pre-existing drift)
LINE_UPDATE, 4.9 & UP FREEZER BODY (2,37,FREEZER LARGE,FRONT,2556,INT GRP SKIN 1*450,Rhinotex 1150 Bioshield,282.53,222.76,,,False,,98,128,REPOINT_EXISTING,,267.84,DB was 282.53 vs Aug sheet 267.84 (pre-existing drift)
LINE_UPDATE, 4.9 & UP FREEZER BODY (2,130,FREEZER LARGE,ROOF,2617,EXT GRP SKIN 1*450,Rhinotex 1150 BW,282.54,213.11,,,False,,125,125,IN_PLACE,,240.09,DB was 282.54 vs Aug sheet 240.09 (pre-existing drift)
PU_COVERED, 4.9 & UP FREEZER BODY (2,133,FREEZER LARGE,ROOF,2620,PU,PU,430.54,409.5597315436242,430.54,409.5597315436242,False,,213,213,UNCHANGED,PU-32D,430.5371812080537,
LINE_UPDATE, 4.9 & UP FREEZER BODY (2,135,FREEZER LARGE,ROOF,2622,94MM PICTURE FRAME,94MM PICTURE FRAME,42.4329,44.40719477838495,,,False,,195,319,REPOINT_EXISTING,,45.22052811171828,DB was 42.4329 vs Aug sheet 45.22052811171828 (pre-existing drift)
LINE_UPDATE, 4.9 & UP FREEZER BODY (2,136,FREEZER LARGE,ROOF,2623,INT GRP SKIN 1*450,Rhinotex 1150 Bioshield,282.5,222.76,,,False,,128,128,IN_PLACE,,267.84,DB was 282.5 vs Aug sheet 267.84 (pre-existing drift)
PU_COVERED, 4.9 & UP FREEZER BODY (2,118,FREEZER LARGE,SIDES,2610,PU,PU,258.32,245.73583892617447,258.32,245.73583892617447,False,,211,211,UNCHANGED,PU-32D,266.9330523489933,DB was 258.32 vs Aug sheet 266.9330523489933
LINE_UPDATE, 4.9 & UP FREEZER BODY (2,120,FREEZER LARGE,SIDES,2612,4MM PF PLYWOOD,4MM PF PLYWOOD,71.48,68.79194630872483,71.48,,True,,121,NEW#42,REPOINT_CREATED,,71.47651006711409,
LINE_UPDATE, 4.9 & UP FREEZER BODY (2,122,FREEZER LARGE,SIDES,2614,58MM PICTURE FRAME,58MM PICTURE FRAME,36.3205,37.28646144505161,,,False,,235,NEW#26,REPOINT_CREATED,,38.09979477838494,DB was 36.3205 vs Aug sheet 38.09979477838494 (pre-existing drift)
LINE_UPDATE, 4.9 & UP FREEZER BODY (2,123,FREEZER LARGE,SIDES,2615,INT GRP SKIN 1*450,Rhinotex 1150 Bioshield,282.53,222.76,,,False,,122,128,REPOINT_EXISTING,,267.84,DB was 282.53 vs Aug sheet 267.84 (pre-existing drift)
LINE_UPDATE, 4.9 & UP FREEZER BODY (2,81,FREEZER LARGE,SIDES,2607,EXT GRP SKIN 2*300,Rhinotex 1150 BW,264.37,213.11,,,False,,118,125,REPOINT_EXISTING,,272.27,DB was 264.37 vs Aug sheet 272.27 (pre-existing drift)
LINE_UPDATE, 4.9 & UP FREEZER BODY (2,29,FREEZER LARGE,SRD,2557,EXT GRP SKIN 2*300,Rhinotex 1150 BW,256.5,213.11,256.5,,True,,290,125,REPOINT_EXISTING,,272.27,DB was 256.5 vs Aug sheet 272.27 (pre-existing drift)
LINE_UPDATE, 4.9 & UP FREEZER BODY (2,48,FREEZER LARGE,SRD,2562,4MM PF PLYWOOD,4MM PF PLYWOOD,71.48,68.79194630872483,71.48,,True,,293,NEW#42,REPOINT_CREATED,,71.47651006711409,
LINE_UPDATE, 4.9 & UP FREEZER BODY (2,50,FREEZER LARGE,SRD,2564,INT GRP SKIN 1*450,Rhinotex 1150 Bioshield,282.53,222.76,,,False,,294,128,REPOINT_EXISTING,,267.84,DB was 282.53 vs Aug sheet 267.84 (pre-existing drift)
LINE_UPDATE, UP TO 4.8 MT FREEZER  (2,44,FREEZER MEDIUM,DRD,2438,EXT GRP SKIN 2*300,Rhinotex 1150 BW,264.37,213.11,,,False,,99,125,REPOINT_EXISTING,,272.27,DB was 264.37 vs Aug sheet 272.27 (pre-existing drift)
PU_COVERED, UP TO 4.8 MT FREEZER  (2,84,FREEZER MEDIUM,DRD,2441,PU,PU,258.32,245.73583892617447,258.32,245.73583892617447,False,,209,209,UNCHANGED,PU-32D,258.3223087248322,
LINE_UPDATE, UP TO 4.8 MT FREEZER  (2,88,FREEZER MEDIUM,DRD,2445,INT GRP SKIN 2*300,Rhinotex 1150 Bioshield,282.53,222.76,,,False,,174,174,IN_PLACE,,267.84,DB was 282.53 vs Aug sheet 267.84 (pre-existing drift)
LINE_UPDATE, UP TO 4.8 MT FREEZER  (2,114,FREEZER MEDIUM,FLOOR,2478,EXT GRP SKIN 2*300,EXT GRP SKIN 2*300,282.53,213.11,,,False,,131,NEW#53,REPOINT_CREATED,,272.27,DB was 282.53 vs Aug sheet 272.27 (pre-existing drift)
PU_COVERED, UP TO 4.8 MT FREEZER  (2,145,FREEZER MEDIUM,FLOOR,2481,PU,PU,327.208,311.26539597315434,327.208,311.26539597315434,False,,236,236,UNCHANGED,PU-32D,327.2082577181208,
LINE_UPDATE, UP TO 4.8 MT FREEZER  (2,147,FREEZER MEDIUM,FLOOR,2483,12MM PF PLYWOOD,12MM PF PLYWOOD,316.78,223.15436241610738,,,False,,179,NEW#55,REPOINT_CREATED,,316.77852348993287,
LINE_UPDATE, UP TO 4.8 MT FREEZER  (2,149,FREEZER MEDIUM,FLOOR,2485,228*50 TIMBER,228*50 TIMBER,128.674,146.59498207885304,,,False,,181,181,IN_PLACE,,128.67383512544802,
LINE_UPDATE, UP TO 4.8 MT FREEZER  (2,150,FREEZER MEDIUM,FLOOR,2486,100*50 timber,100*50 LVL Beam,128.674,146.59498207885304,,,False,,136,NEW#50,REPOINT_CREATED,,128.67383512544802,
LINE_UPDATE, UP TO 4.8 MT FREEZER  (2,151,FREEZER MEDIUM,FLOOR,2487,2*300 INT LAMINATION,2*300 INT LAMINATION,31.9395,50.153999999999996,,,False,,137,NEW#40,REPOINT_CREATED,,100.30799999999999,DB was 31.9395 vs Aug sheet 100.30799999999999 (pre-existing drift)
PU_COVERED, UP TO 4.8 MT FREEZER  (2,33,FREEZER MEDIUM,FRONT,2406,PU,PU,258.32,245.73583892617447,258.32,245.73583892617447,False,,207,207,UNCHANGED,PU-32D,258.3223087248322,
LINE_UPDATE, UP TO 4.8 MT FREEZER  (2,35,FREEZER MEDIUM,FRONT,2408,4MM PF PLYWOOD,4MM PF PLYWOOD,71.48,68.79194630872483,71.48,,True,,96,NEW#42,REPOINT_CREATED,,71.47651006711409,
LINE_UPDATE, UP TO 4.8 MT FREEZER  (2,37,FREEZER MEDIUM,FRONT,2410,58MM PICTURE FRAME,58MM PICTURE FRAME,36.3205,37.28646144505161,,,False,,193,NEW#26,REPOINT_CREATED,,38.09979477838494,DB was 36.3205 vs Aug sheet 38.09979477838494 (pre-existing drift)
LINE_UPDATE, UP TO 4.8 MT FREEZER  (2,38,FREEZER MEDIUM,FRONT,2411,INT GRP SKIN 1*450,Rhinotex 1150 Bioshield,282.53,222.76,,,False,,98,128,REPOINT_EXISTING,,267.84,DB was 282.53 vs Aug sheet 267.84 (pre-existing drift)
LINE_UPDATE, UP TO 4.8 MT FREEZER  (2,129,FREEZER MEDIUM,ROOF,2470,EXT GRP SKIN 1*450,Rhinotex 1150 BW,282.54,213.11,,,False,,125,125,IN_PLACE,,267.84,DB was 282.54 vs Aug sheet 267.84 (pre-existing drift)
PU_COVERED, UP TO 4.8 MT FREEZER  (2,132,FREEZER MEDIUM,ROOF,2473,PU,PU,327.21,311.26539597315434,327.21,311.26539597315434,False,,213,213,UNCHANGED,PU-32D,327.2082577181208,
LINE_UPDATE, UP TO 4.8 MT FREEZER  (2,134,FREEZER MEDIUM,ROOF,2475,94MM PICTURE FRAME,94MM PICTURE FRAME,42.4329,44.40719477838495,,,False,,195,319,REPOINT_EXISTING,,45.22052811171828,DB was 42.4329 vs Aug sheet 45.22052811171828 (pre-existing drift)
LINE_UPDATE, UP TO 4.8 MT FREEZER  (2,135,FREEZER MEDIUM,ROOF,2476,INT GRP SKIN 1*450,Rhinotex 1150 Bioshield,282.5,222.76,,,False,,128,128,IN_PLACE,,267.84,DB was 282.5 vs Aug sheet 267.84 (pre-existing drift)
PU_COVERED, UP TO 4.8 MT FREEZER  (2,117,FREEZER MEDIUM,SIDES,2463,PU,PU,258.32,245.73583892617447,258.32,245.73583892617447,False,,211,211,UNCHANGED,PU-32D,258.3223087248322,
LINE_UPDATE, UP TO 4.8 MT FREEZER  (2,121,FREEZER MEDIUM,SIDES,2467,58MM PICTURE FRAME,58MM PICTURE FRAME,36.3205,37.28646144505161,,,False,,235,NEW#26,REPOINT_CREATED,,38.09979477838494,DB was 36.3205 vs Aug sheet 38.09979477838494 (pre-existing drift)
LINE_UPDATE, UP TO 4.8 MT FREEZER  (2,122,FREEZER MEDIUM,SIDES,2468,INT GRP SKIN 1*450,INT GRP SKIN 1*450,282.53,222.76,,,False,,122,NEW#54,REPOINT_CREATED,,267.84,DB was 282.53 vs Aug sheet 267.84 (pre-existing drift)
LINE_UPDATE, UP TO 4.8 MT FREEZER  (2,81,FREEZER MEDIUM,SIDES,2460,EXT GRP SKIN 2*300,Rhinotex 1150 BW,264.37,213.11,,,False,,118,125,REPOINT_EXISTING,,272.27,DB was 264.37 vs Aug sheet 272.27 (pre-existing drift)
LINE_UPDATE, UP TO 4.8 MT FREEZER  (2,86,FREEZER MEDIUM,SIDES,2465,4MM PF PLYWOOD,4MM PF PLYWOOD,71.48,86.57718120805369,71.48,,True,,121,NEW#37,REPOINT_CREATED,,95.63758389261746,DB was 71.48 vs Aug sheet 95.63758389261746 (pre-existing drift)
LINE_UPDATE, UP TO 4.8 MT FREEZER  (2,30,FREEZER MEDIUM,SRD,2412,EXT GRP SKIN 2*300,Rhinotex 1150 BW,256.5,213.11,256.5,,True,,290,125,REPOINT_EXISTING,,272.27,DB was 256.5 vs Aug sheet 272.27 (pre-existing drift)
LINE_UPDATE, UP TO 4.8 MT FREEZER  (2,49,FREEZER MEDIUM,SRD,2417,4MM PF PLYWOOD,4MM PF PLYWOOD,71.48,86.57718120805369,,,False,,293,NEW#37,REPOINT_CREATED,,95.63758389261746,DB was 71.48 vs Aug sheet 95.63758389261746 (pre-existing drift)
LINE_UPDATE, UP TO 4.8 MT FREEZER  (2,51,FREEZER MEDIUM,SRD,2419,INT GRP SKIN 1*450,Rhinotex 1150 Bioshield,282.53,222.76,,,False,,294,128,REPOINT_EXISTING,,267.84,DB was 282.53 vs Aug sheet 267.84 (pre-existing drift)
LINE_UPDATE,GRP TRAILERS,51,GRP TRAILERS,DRD,1696,EXT GRP SKIN 2*300,Crystex V2,264.37,264.37,,,False,,99,NEW#41,REPOINT_CREATED,,272.27,DB was 264.37 vs Aug sheet 272.27 (pre-existing drift)
PU_COVERED,GRP TRAILERS,54,GRP TRAILERS,DRD,1699,PU,PU,352.12,266.88523489932885,,266.88523489932885,False,,209,209,UNCHANGED,PU-32D(new override),280.554966442953,DB was 352.12 vs Aug sheet 280.554966442953
LINE_UPDATE,GRP TRAILERS,56,GRP TRAILERS,DRD,1701,4MM PF PLYWOOD,4MM PF PLYWOOD,71.48,68.79194630872483,,,False,,102,NEW#42,REPOINT_CREATED,,71.47651006711409,
LINE_UPDATE,GRP TRAILERS,58,GRP TRAILERS,DRD,1703,INT GRP SKIN 1*450,Rhinotex 2100 Bioshield,282.53,295.39,,,False,,103,NEW#43,REPOINT_CREATED,,267.84,DB was 282.53 vs Aug sheet 267.84 (pre-existing drift)
LINE_UPDATE,GRP TRAILERS,112,GRP TRAILERS,FLOOR,1736,EXT GRP SKIN 2*450,Rhinotex 1150 BW,282.53,213.11,,,False,,283,125,REPOINT_EXISTING,,267.84,DB was 282.53 vs Aug sheet 267.84 (pre-existing drift)
PU_COVERED,GRP TRAILERS,115,GRP TRAILERS,FLOOR,1739,PU,PU,523.937,444.80872483221475,,444.80872483221475,False,,236,236,UNCHANGED,PU-32D(new override),467.59161073825504,DB was 523.937 vs Aug sheet 467.59161073825504
LINE_UPDATE,GRP TRAILERS,117,GRP TRAILERS,FLOOR,1741,12MM BIRCH PLY,12MM BIRCH PLY,354.027,267.7852348993289,,,False,,682,682,IN_PLACE,,354.0268456375839,
LINE_UPDATE,GRP TRAILERS,118,GRP TRAILERS,FLOOR,1742,18MM BIRCH PLY,18MM BIRCH PLY,468.121,375.83892617449663,,,False,,322,NEW#45,REPOINT_CREATED,,667.7852348993289,DB was 468.121 vs Aug sheet 667.7852348993289 (pre-existing drift)
LINE_UPDATE,GRP TRAILERS,120,GRP TRAILERS,FLOOR,1744,100*50 timber,100*50 LVL Beam,128.674,148.72727272727272,,,False,,136,NEW#46,REPOINT_CREATED,,130.54545454545453,DB was 128.674 vs Aug sheet 130.54545454545453 (pre-existing drift)
LINE_UPDATE,GRP TRAILERS,121,GRP TRAILERS,FLOOR,1745,2*300 INT LAMINATION,2*300 INT LAMINATION,31.9395,50.153999999999996,,,False,,137,NEW#40,REPOINT_CREATED,,100.30799999999999,DB was 31.9395 vs Aug sheet 100.30799999999999 (pre-existing drift)
LINE_UPDATE,GRP TRAILERS,131,GRP TRAILERS,FLOOR,1755,19MM SHATTER PLYWOOD,19MM SHATTER PLYWOOD,725.0,246.64429530201343,,,False,,684,NEW#47,REPOINT_CREATED,,243.28859060402684,DB was 725.0 vs Aug sheet 243.28859060402684 (pre-existing drift)
LINE_UPDATE,GRP TRAILERS,31,GRP TRAILERS,FRONT,1685,EXT GRP SKIN 2*450,Crystex V2,264.37,264.37,,,False,,318,NEW#41,REPOINT_CREATED,,272.27,DB was 264.37 vs Aug sheet 272.27 (pre-existing drift)
PU_COVERED,GRP TRAILERS,34,GRP TRAILERS,FRONT,1688,PU,PU,352.12,444.80872483221475,,444.80872483221475,False,,207,207,UNCHANGED,PU-32D(new override),467.59161073825504,DB was 352.12 vs Aug sheet 467.59161073825504
LINE_UPDATE,GRP TRAILERS,36,GRP TRAILERS,FRONT,1690,4MM PF PLYWOOD,4MM PF PLYWOOD,95.64,68.79194630872483,,,False,,96,NEW#42,REPOINT_CREATED,,71.47651006711409,DB was 95.64 vs Aug sheet 71.47651006711409 (pre-existing drift)
LINE_UPDATE,GRP TRAILERS,38,GRP TRAILERS,FRONT,1692,94MM PICTURE FRAME,94MM PICTURE FRAME,42.4329,44.40719477838495,,,False,,319,319,IN_PLACE,,45.22052811171828,DB was 42.4329 vs Aug sheet 45.22052811171828 (pre-existing drift)
LINE_UPDATE,GRP TRAILERS,39,GRP TRAILERS,FRONT,1693,INT GRP SKIN 1*450,Rhinotex 2100 Bioshield,282.53,295.39,,,False,,98,NEW#43,REPOINT_CREATED,,267.84,DB was 282.53 vs Aug sheet 267.84 (pre-existing drift)
PU_COVERED,GRP TRAILERS,102,GRP TRAILERS,ROOF,1731,PU,PU,157.599,444.80872483221475,,444.80872483221475,False,,213,213,UNCHANGED,PU-32D(new override),467.59161073825504,DB was 157.599 vs Aug sheet 467.59161073825504
LINE_UPDATE,GRP TRAILERS,104,GRP TRAILERS,ROOF,1733,INT GRP SKIN 1*450,Rhinotex 1150 Bioshield,282.5,222.76,,,False,,128,128,IN_PLACE,,267.84,DB was 282.5 vs Aug sheet 267.84 (pre-existing drift)
LINE_UPDATE,GRP TRAILERS,105,GRP TRAILERS,ROOF,1734,94MM PICTURE FRAME,94MM PICTURE FRAME,42.4329,44.40719477838495,,,False,,195,319,REPOINT_EXISTING,,45.22052811171828,DB was 42.4329 vs Aug sheet 45.22052811171828 (pre-existing drift)
LINE_UPDATE,GRP TRAILERS,99,GRP TRAILERS,ROOF,1728,EXT GRP SKIN 2*300,Rhinotex 1150 BW,282.53,213.11,,,False,,177,125,REPOINT_EXISTING,,267.84,DB was 282.53 vs Aug sheet 267.84 (pre-existing drift)
LINE_UPDATE,GRP TRAILERS,84,GRP TRAILERS,SIDES,1718,EXT GRP SKIN 2*450,Crystex V2,264.37,264.37,,,False,,320,NEW#41,REPOINT_CREATED,,272.27,DB was 264.37 vs Aug sheet 272.27 (pre-existing drift)
PU_COVERED,GRP TRAILERS,87,GRP TRAILERS,SIDES,1721,PU,PU,352.12,226.8524496644295,,226.8524496644295,False,,211,211,UNCHANGED,PU-32D(new override),238.47172147651003,DB was 352.12 vs Aug sheet 238.47172147651003
LINE_UPDATE,GRP TRAILERS,89,GRP TRAILERS,SIDES,1723,4MM PF PLYWOOD,4MM PF PLYWOOD,95.6376,68.79194630872483,,,False,,121,NEW#42,REPOINT_CREATED,,71.47651006711409,DB was 95.6376 vs Aug sheet 71.47651006711409 (pre-existing drift)
LINE_UPDATE,GRP TRAILERS,91,GRP TRAILERS,SIDES,1725,INT GRP SKIN 1*450,Rhinotex 2100 Bioshield,282.53,295.39,,,False,,122,NEW#43,REPOINT_CREATED,,267.84,DB was 282.53 vs Aug sheet 267.84 (pre-existing drift)
LINE_UPDATE,GRP TRAILERS,92,GRP TRAILERS,SIDES,1726,56MM PICTURE FRAME,56MM PICTURE FRAME,36.3205,37.28646144505161,,,False,,321,NEW#44,REPOINT_CREATED,,38.09979477838494,DB was 36.3205 vs Aug sheet 38.09979477838494 (pre-existing drift)
LINE_UPDATE, icecream 4.9 up,37,ICECREAM BODY LARGE,DRD,5330,EXT GRP SKIN 2*300,Rhinotex 1150 BW,264.37,213.11,,,False,,99,125,REPOINT_EXISTING,,272.27,DB was 264.37 vs Aug sheet 272.27 (pre-existing drift)
PU_COVERED, icecream 4.9 up,78,ICECREAM BODY LARGE,DRD,5333,PU,PU,516.64,491.47167785234893,516.64,491.47167785234893,False,,209,209,UNCHANGED,PU-32D,516.6446174496645,
LINE_UPDATE, icecream 4.9 up,80,ICECREAM BODY LARGE,DRD,5335,4MM PF PLYWOOD,4MM PF PLYWOOD,71.48,68.79194630872483,,,False,,102,NEW#42,REPOINT_CREATED,,71.47651006711409,
LINE_UPDATE, icecream 4.9 up,82,ICECREAM BODY LARGE,DRD,5337,INT GRP SKIN 1*450,Rhinotex 1150 Bioshield,282.53,222.76,,,False,,103,128,REPOINT_EXISTING,,267.84,DB was 282.53 vs Aug sheet 267.84 (pre-existing drift)
LINE_UPDATE, icecream 4.9 up,135,ICECREAM BODY LARGE,FLOOR,6330,EXT GRP SKIN 2*450,Rhinotex 1150 BW,282.53,213.11,,,False,,283,125,REPOINT_EXISTING,,267.84,DB was 282.53 vs Aug sheet 267.84 (pre-existing drift)
PU_COVERED, icecream 4.9 up,138,ICECREAM BODY LARGE,FLOOR,5372,PU,PU,430.54,409.5597315436242,430.54,409.5597315436242,False,,236,236,UNCHANGED,PU-32D,430.5371812080537,
LINE_UPDATE, icecream 4.9 up,142,ICECREAM BODY LARGE,FLOOR,5376,228*50 TIMBER,228*50 TIMBER,128.674,146.59498207885304,,,False,,181,181,IN_PLACE,,128.67383512544802,
LINE_UPDATE, icecream 4.9 up,143,ICECREAM BODY LARGE,FLOOR,5377,100*50 timber,100*50 LVL Beam,128.674,146.59498207885304,,,False,,136,NEW#50,REPOINT_CREATED,,128.67383512544802,
LINE_UPDATE, icecream 4.9 up,144,ICECREAM BODY LARGE,FLOOR,5378,2*300 INT LAMINATION,2*300 INT LAMINATION,31.9395,50.153999999999996,,,False,,137,NEW#40,REPOINT_CREATED,,100.30799999999999,DB was 31.9395 vs Aug sheet 100.30799999999999 (pre-existing drift)
PU_COVERED, icecream 4.9 up,27,ICECREAM BODY LARGE,FRONT,5298,PU,PU,516.64,491.47167785234893,516.64,491.47167785234893,False,,207,207,UNCHANGED,PU-32D,516.6446174496645,
LINE_UPDATE, icecream 4.9 up,29,ICECREAM BODY LARGE,FRONT,5300,4MM PF PLYWOOD,4MM PF PLYWOOD,95.64,68.79194630872483,,,False,,96,NEW#42,REPOINT_CREATED,,71.47651006711409,DB was 95.64 vs Aug sheet 71.47651006711409 (pre-existing drift)
LINE_UPDATE, icecream 4.9 up,31,ICECREAM BODY LARGE,FRONT,5302,INT GRP SKIN 1*450,Rhinotex 1150 Bioshield,282.53,222.76,,,False,,98,128,REPOINT_EXISTING,,267.84,DB was 282.53 vs Aug sheet 267.84 (pre-existing drift)
LINE_UPDATE, icecream 4.9 up,109,ICECREAM BODY LARGE,ROOF,5362,EXT GRP SKIN 2*300,Rhinotex 1150 BW,282.53,213.11,,,False,,177,125,REPOINT_EXISTING,,272.27,DB was 282.53 vs Aug sheet 272.27 (pre-existing drift)
PU_COVERED, icecream 4.9 up,126,ICECREAM BODY LARGE,ROOF,5365,PU,PU,538.17,511.9496644295302,538.17,511.9496644295302,False,,213,213,UNCHANGED,PU-32D,538.1714765100671,
LINE_UPDATE, icecream 4.9 up,128,ICECREAM BODY LARGE,ROOF,5367,INT GRP SKIN 1*450,Rhinotex 1150 Bioshield,282.5,222.76,,,False,,128,128,IN_PLACE,,267.84,DB was 282.5 vs Aug sheet 267.84 (pre-existing drift)
PU_COVERED, icecream 4.9 up,112,ICECREAM BODY LARGE,SIDES,5356,PU,PU,516.64,491.47167785234893,516.64,491.47167785234893,False,,211,211,UNCHANGED,PU-32D,516.6446174496645,
LINE_UPDATE, icecream 4.9 up,114,ICECREAM BODY LARGE,SIDES,5358,4MM PF PLYWOOD,4MM PF PLYWOOD,71.48,68.79194630872483,71.48,,True,,121,NEW#42,REPOINT_CREATED,,71.47651006711409,
LINE_UPDATE, icecream 4.9 up,116,ICECREAM BODY LARGE,SIDES,5360,INT GRP SKIN 1*450,Rhinotex 1150 Bioshield,282.53,222.76,,,False,,122,128,REPOINT_EXISTING,,267.84,DB was 282.53 vs Aug sheet 267.84 (pre-existing drift)
LINE_UPDATE, icecream 4.9 up,75,ICECREAM BODY LARGE,SIDES,5353,EXT GRP SKIN 2*300,Rhinotex 1150 BW,264.37,213.11,,,False,,118,125,REPOINT_EXISTING,,272.27,DB was 264.37 vs Aug sheet 272.27 (pre-existing drift)
LINE_UPDATE, icecream 4.9 up,24,ICECREAM BODY LARGE,SRD,5303,EXT GRP SKIN 2*300,Rhinotex 1150 BW,272.27,213.11,,,False,,290,125,REPOINT_EXISTING,,272.27,
LINE_UPDATE, icecream 4.9 up,42,ICECREAM BODY LARGE,SRD,5308,4MM PF PLYWOOD,4MM PF PLYWOOD,71.48,68.79194630872483,,,False,,293,NEW#42,REPOINT_CREATED,,71.47651006711409,
LINE_UPDATE, icecream 4.9 up,44,ICECREAM BODY LARGE,SRD,5310,INT GRP SKIN 1*450,Rhinotex 1150 Bioshield,282.53,222.76,,,False,,294,128,REPOINT_EXISTING,,267.84,DB was 282.53 vs Aug sheet 267.84 (pre-existing drift)
LINE_UPDATE,icecream up to 4.8,37,ICECREAM BODY MEDIUM,DRD,5609,EXT GRP SKIN 2*300,Rhinotex 1150 BW,264.37,213.11,,,False,,99,125,REPOINT_EXISTING,,272.27,DB was 264.37 vs Aug sheet 272.27 (pre-existing drift)
LINE_UPDATE,icecream up to 4.8,80,ICECREAM BODY MEDIUM,DRD,5614,4MM PF PLYWOOD,4MM PF PLYWOOD,71.48,68.79194630872483,,,False,,102,NEW#42,REPOINT_CREATED,,71.47651006711409,
LINE_UPDATE,icecream up to 4.8,82,ICECREAM BODY MEDIUM,DRD,5616,INT GRP SKIN 2*300,Rhinotex 1150 Bioshield,282.53,222.76,,,False,,174,174,IN_PLACE,,267.84,DB was 282.53 vs Aug sheet 267.84 (pre-existing drift)
LINE_UPDATE,icecream up to 4.8,123,ICECREAM BODY MEDIUM,FLOOR,6329,EXT GRP SKIN 2*300,Rhinotex 1150 BW,282.53,213.11,,,False,,131,125,REPOINT_EXISTING,,267.84,DB was 282.53 vs Aug sheet 267.84 (pre-existing drift)
PU_COVERED,icecream up to 4.8,138,ICECREAM BODY MEDIUM,FLOOR,5651,PU,PU,624.28,593.861610738255,624.28,593.861610738255,False,,236,236,UNCHANGED,PU-32D,624.2789127516778,
LINE_UPDATE,icecream up to 4.8,143,ICECREAM BODY MEDIUM,FLOOR,5655,100*50 timber,100*50 LVL Beam,128.674,146.59498207885304,,,False,,136,NEW#50,REPOINT_CREATED,,128.67383512544802,
LINE_UPDATE,icecream up to 4.8,144,ICECREAM BODY MEDIUM,FLOOR,5656,2*300 INT LAMINATION,2*300 INT LAMINATION,31.9395,50.153999999999996,,,False,,137,NEW#40,REPOINT_CREATED,,100.30799999999999,DB was 31.9395 vs Aug sheet 100.30799999999999 (pre-existing drift)
PU_RESCALE,(not in manifest),0,ICECREAM BODY MEDIUM,FRONT,5577,PU,PU,430.54,409.56241299303946,430.54,409.56241299303946,False,last override batch 2026-09-01 08:40:59.823512,207,207,UNCHANGED,PU-RESCALE-32D,,
LINE_UPDATE,icecream up to 4.8,29,ICECREAM BODY MEDIUM,FRONT,5579,4MM PF PLYWOOD,4MM PF PLYWOOD,71.48,68.79194630872483,71.48,,True,last override batch 2026-09-01 08:42:03.715746,96,NEW#42,REPOINT_CREATED,,71.47651006711409,
LINE_UPDATE,icecream up to 4.8,31,ICECREAM BODY MEDIUM,FRONT,5581,INT GRP SKIN 1*450,Rhinotex 1150 Bioshield,282.53,222.76,,,False,,98,128,REPOINT_EXISTING,,267.84,DB was 282.53 vs Aug sheet 267.84 (pre-existing drift)
LINE_UPDATE,icecream up to 4.8,109,ICECREAM BODY MEDIUM,ROOF,5641,EXT GRP SKIN 2*300,Rhinotex 1150 BW,282.53,213.11,,,False,,177,125,REPOINT_EXISTING,,272.27,DB was 282.53 vs Aug sheet 272.27 (pre-existing drift)
PU_COVERED,icecream up to 4.8,126,ICECREAM BODY MEDIUM,ROOF,5644,PU,PU,624.28,593.861610738255,624.28,593.861610738255,False,,213,213,UNCHANGED,PU-32D,624.2789127516778,
LINE_UPDATE,icecream up to 4.8,128,ICECREAM BODY MEDIUM,ROOF,5646,INT GRP SKIN 2*300,Rhinotex 1150 Bioshield,282.53,222.76,,,False,,178,178,IN_PLACE,,267.84,DB was 282.53 vs Aug sheet 267.84 (pre-existing drift)
PU_COVERED,icecream up to 4.8,112,ICECREAM BODY MEDIUM,SIDES,5635,PU,PU,516.64,491.47167785234893,516.64,491.47167785234893,False,,211,211,UNCHANGED,PU-32D,516.6446174496645,
LINE_UPDATE,icecream up to 4.8,114,ICECREAM BODY MEDIUM,SIDES,5637,4MM PF PLYWOOD,4MM PF PLYWOOD,71.48,68.79194630872483,71.48,,True,,121,NEW#42,REPOINT_CREATED,,71.47651006711409,
LINE_UPDATE,icecream up to 4.8,116,ICECREAM BODY MEDIUM,SIDES,5639,INT GRP SKIN 2*300,Rhinotex 1150 Bioshield,282.53,222.76,,,False,,176,176,IN_PLACE,,267.84,DB was 282.53 vs Aug sheet 267.84 (pre-existing drift)
LINE_UPDATE,icecream up to 4.8,75,ICECREAM BODY MEDIUM,SIDES,5632,EXT GRP SKIN 2*300,Rhinotex 1150 BW,264.37,213.11,,,False,,118,125,REPOINT_EXISTING,,272.27,DB was 264.37 vs Aug sheet 272.27 (pre-existing drift)
LINE_UPDATE,icecream up to 4.8,24,ICECREAM BODY MEDIUM,SRD,5582,EXT GRP SKIN 2*300,Rhinotex 1150 BW,272.27,213.11,,,False,,290,125,REPOINT_EXISTING,,272.27,
PU_COVERED,icecream up to 4.8,40,ICECREAM BODY MEDIUM,SRD,5585,PU,PU,516.64,491.47167785234893,516.64,491.47167785234893,False,,292,292,UNCHANGED,PU-32D,516.6446174496645,
LINE_UPDATE,icecream up to 4.8,42,ICECREAM BODY MEDIUM,SRD,5587,4MM PF PLYWOOD,4MM PF PLYWOOD,71.48,68.79194630872483,,,False,,293,NEW#42,REPOINT_CREATED,,71.47651006711409,
LINE_UPDATE,icecream up to 4.8,44,ICECREAM BODY MEDIUM,SRD,5589,INT GRP SKIN 1*450,Rhinotex 1150 Bioshiled,282.53,222.76,,,False,,294,NEW#51,REPOINT_CREATED,,267.84,DB was 282.53 vs Aug sheet 267.84 (pre-existing drift)
LINE_UPDATE,"icecream up to 3,2",35,ICECREAM BODY SMALL,DRD,5748,EXT GRP SKIN 2*300,Rhinotex 1150 BW,264.37,213.11,,,False,,99,125,REPOINT_EXISTING,,272.27,DB was 264.37 vs Aug sheet 272.27 (pre-existing drift)
PU_COVERED,"icecream up to 3,2",74,ICECREAM BODY SMALL,DRD,5751,PU,PU,430.54,409.5597315436242,430.54,409.5597315436242,False,,209,209,UNCHANGED,PU-32D,430.5371812080537,
LINE_UPDATE,"icecream up to 3,2",76,ICECREAM BODY SMALL,DRD,5753,INT GRP SKIN 2*300,Rhinotex 1150 Bioshield,282.53,222.76,,,False,,174,174,IN_PLACE,,267.84,DB was 282.53 vs Aug sheet 267.84 (pre-existing drift)
LINE_UPDATE,"icecream up to 3,2",115,ICECREAM BODY SMALL,FLOOR,6325,EXT GRP SKIN 2*300,Rhinotex 1150 BW,282.53,213.11,,,False,,131,125,REPOINT_EXISTING,,267.84,DB was 282.53 vs Aug sheet 267.84 (pre-existing drift)
PU_COVERED,"icecream up to 3,2",130,ICECREAM BODY SMALL,FLOOR,5786,PU,PU,430.53,409.5597315436242,430.53,409.5597315436242,False,,236,236,UNCHANGED,PU-32D,430.5371812080537,
LINE_UPDATE,"icecream up to 3,2",135,ICECREAM BODY SMALL,FLOOR,5790,100*50 timber,100*50 LVL Beam,128.674,146.59498207885304,,,False,,136,NEW#50,REPOINT_CREATED,,128.67383512544802,
LINE_UPDATE,"icecream up to 3,2",136,ICECREAM BODY SMALL,FLOOR,5791,2*300 INT LAMINATION,2*300 INT LAMINATION,31.9395,50.153999999999996,,,False,,137,NEW#40,REPOINT_CREATED,,100.30799999999999,DB was 31.9395 vs Aug sheet 100.30799999999999 (pre-existing drift)
PU_COVERED,"icecream up to 3,2",27,ICECREAM BODY SMALL,FRONT,5720,PU,PU,430.54,409.5597315436242,430.54,409.5597315436242,False,,207,207,UNCHANGED,PU-32D,430.5371812080537,
LINE_UPDATE,"icecream up to 3,2",29,ICECREAM BODY SMALL,FRONT,5722,INT GRP SKIN 2*300,Rhinotex 1150 Bioshield,282.53,222.76,,,False,,194,194,IN_PLACE,,267.84,DB was 282.53 vs Aug sheet 267.84 (pre-existing drift)
LINE_UPDATE,"icecream up to 3,2",103,ICECREAM BODY SMALL,ROOF,5776,EXT GRP SKIN 2*300,Rhinotex 1150 BW,282.53,213.11,,,False,,177,125,REPOINT_EXISTING,,272.27,DB was 282.53 vs Aug sheet 272.27 (pre-existing drift)
PU_COVERED,"icecream up to 3,2",118,ICECREAM BODY SMALL,ROOF,5779,PU,PU,430.54,409.5597315436242,430.54,409.5597315436242,False,,213,213,UNCHANGED,PU-32D,430.5371812080537,
LINE_UPDATE,"icecream up to 3,2",120,ICECREAM BODY SMALL,ROOF,5781,INT GRP SKIN 2*300,Rhinotex 1150 Bioshield,282.53,222.76,,,False,,178,178,IN_PLACE,,267.84,DB was 282.53 vs Aug sheet 267.84 (pre-existing drift)
PU_COVERED,"icecream up to 3,2",106,ICECREAM BODY SMALL,SIDES,5772,PU,PU,430.54,409.5597315436242,430.54,409.5597315436242,False,,211,211,UNCHANGED,PU-32D,430.5371812080537,
LINE_UPDATE,"icecream up to 3,2",108,ICECREAM BODY SMALL,SIDES,5774,INT GRP SKIN 2*300,Rhinotex 1150 Bioshield,282.53,222.76,,,False,,176,176,IN_PLACE,,267.84,DB was 282.53 vs Aug sheet 267.84 (pre-existing drift)
LINE_UPDATE,"icecream up to 3,2",71,ICECREAM BODY SMALL,SIDES,5769,EXT GRP SKIN 2*300,Rhinotex 1150 BW,264.37,213.11,,,False,,118,125,REPOINT_EXISTING,,272.27,DB was 264.37 vs Aug sheet 272.27 (pre-existing drift)
LINE_UPDATE,"icecream up to 3,2",24,ICECREAM BODY SMALL,SRD,5723,EXT GRP SKIN 2*300,Rhinotex 1150 BW,256.5,213.11,256.5,,True,,290,125,REPOINT_EXISTING,,272.27,DB was 256.5 vs Aug sheet 272.27 (pre-existing drift)
LINE_UPDATE,"icecream up to 3,2",40,ICECREAM BODY SMALL,SRD,5728,INT GRP SKIN 2*300,Rhinotex 1150 Bioshield,192.5,222.76,,,False,,687,687,IN_PLACE,,267.84,DB was 192.5 vs Aug sheet 267.84 (pre-existing drift)
PU_RESCALE,(not in manifest),0,MEAT HANGER LARGE,DRD,5877,PU,PU,258.32,245.7336426914153,258.32,245.7336426914153,False,,209,209,UNCHANGED,PU-RESCALE-32D,,
LINE_UPDATE,MEAT BODY,80,MEAT HANGER LARGE,DRD,5874,EXT GRP SKIN 2*300,Rhinotex 1150 BW,264.37,213.11,,,False,,99,125,REPOINT_EXISTING,,272.27,DB was 264.37 vs Aug sheet 272.27 (pre-existing drift)
LINE_UPDATE,MEAT BODY,85,MEAT HANGER LARGE,DRD,5879,6MM PF PLYWOOD,6MM PF PLYWOOD,95.6376,86.57718120805369,,,False,,331,NEW#17,REPOINT_CREATED,,95.63758389261746,
LINE_UPDATE,MEAT BODY,87,MEAT HANGER LARGE,DRD,5881,INT GRP SKIN 1*450,Rhinotex 1150 Bioshield,282.53,222.76,,,False,,103,128,REPOINT_EXISTING,,267.84,DB was 282.53 vs Aug sheet 267.84 (pre-existing drift)
PU_RESCALE,(not in manifest),0,MEAT HANGER LARGE,FLOOR,5921,PU,PU,430.537821,409.560340162413,430.537821,409.560340162413,False,,236,236,UNCHANGED,PU-RESCALE-32D,,
LINE_UPDATE,MEAT BODY,145,MEAT HANGER LARGE,FLOOR,5918,EXT GRP SKIN 2*450,Rhinotex 1150 BW,282.53,222.76,,,False,,283,NEW#34,REPOINT_CREATED,,267.84,DB was 282.53 vs Aug sheet 267.84 (pre-existing drift)
LINE_UPDATE,MEAT BODY,150,MEAT HANGER LARGE,FLOOR,5923,18 MM PF PLYWOOD,18 MM PF PLYWOOD,243.289,246.64429530201343,,,False,,134,NEW#35,REPOINT_CREATED,,243.28859060402684,
LINE_UPDATE,MEAT BODY,151,MEAT HANGER LARGE,FLOOR,5924,18 MM FINN PLYWOOD,18 MM FINN PLYWOOD,468.121,375.83892617449663,,,False,,337,337,IN_PLACE,,667.7852348993289,DB was 468.121 vs Aug sheet 667.7852348993289 (pre-existing drift)
LINE_UPDATE,MEAT BODY,154,MEAT HANGER LARGE,FLOOR,5927,100*50 LVL,100*50 LVL,128.674,146.59498207885304,,,False,,339,NEW#33,REPOINT_CREATED,,128.67383512544802,
PU_RESCALE,(not in manifest),0,MEAT HANGER LARGE,FRONT,5842,PU,PU,257.46,244.91554524361948,257.46,244.91554524361948,False,,207,207,UNCHANGED,PU-RESCALE-32D,,
LINE_UPDATE,MEAT BODY,29,MEAT HANGER LARGE,FRONT,5839,EXT GRP SKIN 2*450,Rhinotex 1150 BW,264.37,213.11,,,False,,318,125,REPOINT_EXISTING,,272.27,DB was 264.37 vs Aug sheet 272.27 (pre-existing drift)
LINE_UPDATE,MEAT BODY,34,MEAT HANGER LARGE,FRONT,5844,6MM PF PLYWOOD,6MM PF PLYWOOD,95.6376,86.57718120805369,,,False,,327,NEW#17,REPOINT_CREATED,,95.63758389261746,
LINE_UPDATE,MEAT BODY,36,MEAT HANGER LARGE,FRONT,5846,100*62 PICTURE FRAME,100*62 PICTURE FRAME,36.3205,37.28646144505161,,,False,,330,NEW#19,REPOINT_CREATED,,38.09979477838494,DB was 36.3205 vs Aug sheet 38.09979477838494 (pre-existing drift)
LINE_UPDATE,MEAT BODY,37,MEAT HANGER LARGE,FRONT,5847,INT GRP SKIN 1*450,Rhinotex 1150 Bioshield,282.53,222.76,,,False,,98,128,REPOINT_EXISTING,,267.84,DB was 282.53 vs Aug sheet 267.84 (pre-existing drift)
PU_RESCALE,(not in manifest),0,MEAT HANGER LARGE,ROOF,5910,PU,PU,430.537821,409.560340162413,430.537821,409.560340162413,False,,213,213,UNCHANGED,PU-RESCALE-32D,,
LINE_UPDATE,MEAT BODY,129,MEAT HANGER LARGE,ROOF,5907,EXT GRP SKIN 2*300,Rhinotex 1150 BW,282.53,213.11,,,False,,177,125,REPOINT_EXISTING,,267.84,DB was 282.53 vs Aug sheet 267.84 (pre-existing drift)
LINE_UPDATE,MEAT BODY,135,MEAT HANGER LARGE,ROOF,5913,6MM PF PLYWOOD,6MM PF PLYWOOD,95.64,68.79194630872483,,,False,,335,NEW#28,REPOINT_CREATED,,71.47651006711409,DB was 95.64 vs Aug sheet 71.47651006711409 (pre-existing drift)
LINE_UPDATE,MEAT BODY,137,MEAT HANGER LARGE,ROOF,5915,INT GRP SKIN 2*450,Rhinotex 1150 Bioshield,282.53,222.76,,,False,,336,128,REPOINT_EXISTING,,267.84,DB was 282.53 vs Aug sheet 267.84 (pre-existing drift)
LINE_UPDATE,MEAT BODY,138,MEAT HANGER LARGE,ROOF,5916,94MM PICTURE FRAME,94MM PICTURE FRAME,42.4329,44.40719477838495,,,False,,195,319,REPOINT_EXISTING,,45.22052811171828,DB was 42.4329 vs Aug sheet 45.22052811171828 (pre-existing drift)
PU_RESCALE,(not in manifest),0,MEAT HANGER LARGE,SIDES,5899,PU,PU,258.32,245.7336426914153,258.32,245.7336426914153,False,,211,211,UNCHANGED,PU-RESCALE-32D,,
LINE_UPDATE,MEAT BODY,113,MEAT HANGER LARGE,SIDES,5896,EXT GRP SKIN 2*450,Rhinotex 1150 BW,264.37,213.11,,,False,,320,125,REPOINT_EXISTING,,272.27,DB was 264.37 vs Aug sheet 272.27 (pre-existing drift)
LINE_UPDATE,MEAT BODY,118,MEAT HANGER LARGE,SIDES,5901,60*50 LVL BEAMS,60*50 LVL BEAMS,128.674,146.59498207885304,,,False,,332,NEW#29,REPOINT_CREATED,,128.67383512544802,
LINE_UPDATE,MEAT BODY,119,MEAT HANGER LARGE,SIDES,5902,4MM PF PLYWOOD,4MM PF PLYWOOD,234.73,171.14093959731542,234.73,,True,,121,NEW#30,REPOINT_CREATED,,234.73154362416108,
LINE_UPDATE,MEAT BODY,121,MEAT HANGER LARGE,SIDES,5904,INT GRP SKIN1*450,Rhinotex 1150 Bioshield,282.53,222.76,,,False,,333,128,REPOINT_EXISTING,,267.84,DB was 282.53 vs Aug sheet 267.84 (pre-existing drift)
LINE_UPDATE,MEAT BODY,122,MEAT HANGER LARGE,SIDES,5905,58MM PICTURE FRAME,58MM PICTURE FRAME,38.1,37.28646144505161,38.1,,True,,235,NEW#26,REPOINT_CREATED,,38.09979477838494,
LINE_UPDATE,MEAT BODY,43,MEAT HANGER LARGE,SRD,5848,EXT GRP SKIN 2*450,Rhinotex 1150 BW,223.0,213.11,,,False,,663,125,REPOINT_EXISTING,,272.27,DB was 223.0 vs Aug sheet 272.27 (pre-existing drift)
LINE_UPDATE,MEAT BODY,48,MEAT HANGER LARGE,SRD,5853,6MM PF PLYWWOD,6MM PF PLYWWOD,95.6376,86.57718120805369,,,False,,664,NEW#21,REPOINT_CREATED,,95.63758389261746,
LINE_UPDATE,MEAT BODY,50,MEAT HANGER LARGE,SRD,5855,INT GRP SKIN 1*450,Rhinotex 1150 Bioshield,282.53,222.76,,,False,,294,128,REPOINT_EXISTING,,267.84,DB was 282.53 vs Aug sheet 267.84 (pre-existing drift)
LINE_UPDATE,"SMALL MEAT BODY UP TO 5,2",80,MEAT HANGER SMALL-MEDIUM,DRD,6182,EXT GRP SKIN 2*300,Rhinotex 1150 BW,264.37,213.11,,,False,,99,125,REPOINT_EXISTING,,272.27,DB was 264.37 vs Aug sheet 272.27 (pre-existing drift)
LINE_UPDATE,"SMALL MEAT BODY UP TO 5,2",85,MEAT HANGER SMALL-MEDIUM,DRD,6187,6MM PF PLYWOOD,6MM PF PLYWOOD,95.6376,86.57718120805369,,,False,,331,NEW#17,REPOINT_CREATED,,95.63758389261746,
LINE_UPDATE,"SMALL MEAT BODY UP TO 5,2",87,MEAT HANGER SMALL-MEDIUM,DRD,6189,INT GRP SKIN 1*450,Rhinotex 1150 Bioshield,282.53,222.76,,,False,,103,128,REPOINT_EXISTING,,267.84,DB was 282.53 vs Aug sheet 267.84 (pre-existing drift)
LINE_UPDATE,"SMALL MEAT BODY UP TO 5,2",145,MEAT HANGER SMALL-MEDIUM,FLOOR,6226,EXT GRP SKIN 2*450,Rhinotex 1150 BW,282.53,213.11,,,False,,283,125,REPOINT_EXISTING,,267.84,DB was 282.53 vs Aug sheet 267.84 (pre-existing drift)
LINE_UPDATE,"SMALL MEAT BODY UP TO 5,2",150,MEAT HANGER SMALL-MEDIUM,FLOOR,6231,12 MM PF PLYWOOD,12 MM PF PLYWOOD,162.752,149.66442953020135,,,False,,668,NEW#31,REPOINT_CREATED,,162.751677852349,
LINE_UPDATE,"SMALL MEAT BODY UP TO 5,2",151,MEAT HANGER SMALL-MEDIUM,FLOOR,6232,12 MM FINN PLYWOOD,12 MM FINN PLYWOOD,354.027,267.7852348993289,,,False,,347,NEW#32,REPOINT_CREATED,,354.0268456375839,
LINE_UPDATE,"SMALL MEAT BODY UP TO 5,2",154,MEAT HANGER SMALL-MEDIUM,FLOOR,6235,100*50 LVL,100*50 LVL,128.674,146.59498207885304,,,False,,339,NEW#33,REPOINT_CREATED,,128.67383512544802,
LINE_UPDATE,"SMALL MEAT BODY UP TO 5,2",29,MEAT HANGER SMALL-MEDIUM,FRONT,6147,EXT GRP SKIN 2*450,Rhinotex 1150 BW,264.37,213.11,,,False,,318,125,REPOINT_EXISTING,,272.27,DB was 264.37 vs Aug sheet 272.27 (pre-existing drift)
LINE_UPDATE,"SMALL MEAT BODY UP TO 5,2",34,MEAT HANGER SMALL-MEDIUM,FRONT,6152,6MM PF PLYWOOD,6MM PF PLYWOOD,95.6376,86.57718120805369,,,False,,327,NEW#17,REPOINT_CREATED,,95.63758389261746,
LINE_UPDATE,"SMALL MEAT BODY UP TO 5,2",36,MEAT HANGER SMALL-MEDIUM,FRONT,6154,100*62 PICTURE FRAME,100*62 PICTURE FRAME,36.3205,37.28646144505161,,,False,,330,NEW#19,REPOINT_CREATED,,38.09979477838494,DB was 36.3205 vs Aug sheet 38.09979477838494 (pre-existing drift)
LINE_UPDATE,"SMALL MEAT BODY UP TO 5,2",37,MEAT HANGER SMALL-MEDIUM,FRONT,6155,INT GRP SKIN 1*450,Rhinotex 1150 Bioshield,282.53,222.76,,,False,,98,128,REPOINT_EXISTING,,267.84,DB was 282.53 vs Aug sheet 267.84 (pre-existing drift)
LINE_UPDATE,"SMALL MEAT BODY UP TO 5,2",129,MEAT HANGER SMALL-MEDIUM,ROOF,6215,EXT GRP SKIN 2*300,Rhinotex 1150 BW,282.53,213.11,,,False,,177,125,REPOINT_EXISTING,,267.84,DB was 282.53 vs Aug sheet 267.84 (pre-existing drift)
LINE_UPDATE,"SMALL MEAT BODY UP TO 5,2",135,MEAT HANGER SMALL-MEDIUM,ROOF,6221,6MM PF PLYWOOD,6MM PF PLYWOOD,95.64,68.79194630872483,,,False,,335,NEW#28,REPOINT_CREATED,,71.47651006711409,DB was 95.64 vs Aug sheet 71.47651006711409 (pre-existing drift)
LINE_UPDATE,"SMALL MEAT BODY UP TO 5,2",137,MEAT HANGER SMALL-MEDIUM,ROOF,6223,INT GRP SKIN 2*450,Rhinotex 1150 Bioshield,282.53,222.76,,,False,,336,128,REPOINT_EXISTING,,267.84,DB was 282.53 vs Aug sheet 267.84 (pre-existing drift)
LINE_UPDATE,"SMALL MEAT BODY UP TO 5,2",138,MEAT HANGER SMALL-MEDIUM,ROOF,6224,94MM PICTURE FRAME,94MM PICTURE FRAME,42.4329,44.40719477838495,,,False,,195,319,REPOINT_EXISTING,,45.22052811171828,DB was 42.4329 vs Aug sheet 45.22052811171828 (pre-existing drift)
LINE_UPDATE,"SMALL MEAT BODY UP TO 5,2",113,MEAT HANGER SMALL-MEDIUM,SIDES,6204,EXT GRP SKIN 2*450,Rhinotex 1150 BW,264.37,213.11,,,False,,320,125,REPOINT_EXISTING,,272.27,DB was 264.37 vs Aug sheet 272.27 (pre-existing drift)
LINE_UPDATE,"SMALL MEAT BODY UP TO 5,2",118,MEAT HANGER SMALL-MEDIUM,SIDES,6209,60*50 LVL BEAMS,60*50 LVL BEAMS,128.674,146.59498207885304,,,False,,332,NEW#29,REPOINT_CREATED,,128.67383512544802,
LINE_UPDATE,"SMALL MEAT BODY UP TO 5,2",119,MEAT HANGER SMALL-MEDIUM,SIDES,6210,4MM PF PLYWOOD,4MM PF PLYWOOD,234.73,171.14093959731542,234.73,,True,,121,NEW#30,REPOINT_CREATED,,234.73154362416108,
LINE_UPDATE,"SMALL MEAT BODY UP TO 5,2",121,MEAT HANGER SMALL-MEDIUM,SIDES,6212,INT GRP SKIN1*450,Rhinotex 1150 Bioshield,282.53,222.76,,,False,,333,128,REPOINT_EXISTING,,267.84,DB was 282.53 vs Aug sheet 267.84 (pre-existing drift)
LINE_UPDATE,"SMALL MEAT BODY UP TO 5,2",122,MEAT HANGER SMALL-MEDIUM,SIDES,6213,58MM PICTURE FRAME,58MM PICTURE FRAME,38.1,37.28646144505161,38.1,,True,,235,NEW#26,REPOINT_CREATED,,38.09979477838494,
LINE_UPDATE,"SMALL MEAT BODY UP TO 5,2",43,MEAT HANGER SMALL-MEDIUM,SRD,6156,EXT GRP SKIN 2*450,Rhinotex 1150 BW,223.0,213.11,,,False,,663,125,REPOINT_EXISTING,,272.27,DB was 223.0 vs Aug sheet 272.27 (pre-existing drift)
LINE_UPDATE,"SMALL MEAT BODY UP TO 5,2",48,MEAT HANGER SMALL-MEDIUM,SRD,6161,6MM PF PLYWWOD,6MM PF PLYWWOD,95.6376,86.57718120805369,,,False,,664,NEW#21,REPOINT_CREATED,,95.63758389261746,
LINE_UPDATE,"SMALL MEAT BODY UP TO 5,2",50,MEAT HANGER SMALL-MEDIUM,SRD,6163,INT GRP SKIN 1*450,Rhinotex 1150 Bioshield,282.53,222.76,,,False,,294,128,REPOINT_EXISTING,,267.84,DB was 282.53 vs Aug sheet 267.84 (pre-existing drift)
LINE_UPDATE,RHINORANGE TRAILER,51,RHINORANGE TRAILER,DRD,1805,EXT GRP SKIN 2*300,Crystex V2,256.5,256.5,256.5,256.5,False,,99,NEW#41,REPOINT_CREATED,,272.27,DB was 256.5 vs Aug sheet 272.27 (pre-existing drift)
PU_COVERED,RHINORANGE TRAILER,54,RHINORANGE TRAILER,DRD,1808,PU,PU,382.43,351.50738255033554,382.43,351.50738255033554,False,,209,209,UNCHANGED,PU-4G-CONTINUATION,382.4270134228188,
LINE_UPDATE,RHINORANGE TRAILER,56,RHINORANGE TRAILER,DRD,1810,4MM PF PLYWOOD,4MM PF PLYWOOD,95.64,86.57718120805369,95.64,,True,,102,NEW#37,REPOINT_CREATED,,95.63758389261746,
LINE_UPDATE,RHINORANGE TRAILER,58,RHINORANGE TRAILER,DRD,1812,INT GRP SKIN 1*450,Rhinotex 2100 Bioshield,282.53,295.39,,,False,,103,NEW#43,REPOINT_CREATED,,267.84,DB was 282.53 vs Aug sheet 267.84 (pre-existing drift)
LINE_UPDATE,RHINORANGE TRAILER,112,RHINORANGE TRAILER,FLOOR,1845,EXT GRP SKIN 2*450,Rhinotex 1150 BW,214.1,213.11,214.1,,True,,283,125,REPOINT_EXISTING,,240.09,DB was 214.1 vs Aug sheet 240.09 (pre-existing drift)
PU_COVERED,RHINORANGE TRAILER,115,RHINORANGE TRAILER,FLOOR,1848,PU,PU,637.38,585.8456375838927,637.38,585.8456375838927,False,,236,236,UNCHANGED,PU-4G-CONTINUATION,637.3783557046979,
LINE_UPDATE,RHINORANGE TRAILER,117,RHINORANGE TRAILER,FLOOR,1850,12MM BIRCH PLY,12MM BIRCH PLY,354.027,267.7852348993289,,,False,,682,682,IN_PLACE,,354.0268456375839,
LINE_UPDATE,RHINORANGE TRAILER,118,RHINORANGE TRAILER,FLOOR,1851,18MM BIRCH PLY,18MM BIRCH PLY,468.121,375.83892617449663,,,False,,322,NEW#45,REPOINT_CREATED,,667.7852348993289,DB was 468.121 vs Aug sheet 667.7852348993289 (pre-existing drift)
LINE_UPDATE,RHINORANGE TRAILER,120,RHINORANGE TRAILER,FLOOR,1853,100*50 timber,100*50 LVL Beam,130.55,148.72727272727272,130.55,,True,,136,NEW#46,REPOINT_CREATED,,130.54545454545453,
LINE_UPDATE,RHINORANGE TRAILER,121,RHINORANGE TRAILER,FLOOR,1854,2*300 INT LAMINATION,2*300 INT LAMINATION,31.9395,50.153999999999996,,,False,,137,NEW#40,REPOINT_CREATED,,100.30799999999999,DB was 31.9395 vs Aug sheet 100.30799999999999 (pre-existing drift)
LINE_UPDATE,RHINORANGE TRAILER,131,RHINORANGE TRAILER,FLOOR,1864,19MM SHATTER PLYWOOD,19MM SHATTER PLYWOOD,725.0,735.0,,,False,,684,NEW#49,REPOINT_CREATED,,725.0,
LINE_UPDATE,RHINORANGE TRAILER,31,RHINORANGE TRAILER,FRONT,1794,EXT GRP SKIN 2*450,Crystex V2,256.5,256.5,256.5,256.5,False,,318,NEW#41,REPOINT_CREATED,,272.27,DB was 256.5 vs Aug sheet 272.27 (pre-existing drift)
PU_COVERED,RHINORANGE TRAILER,34,RHINORANGE TRAILER,FRONT,1797,PU,PU,637.38,585.8456375838927,637.38,585.8456375838927,False,,207,207,UNCHANGED,PU-4G-CONTINUATION,637.3783557046979,
LINE_UPDATE,RHINORANGE TRAILER,36,RHINORANGE TRAILER,FRONT,1799,4MM PF PLYWOOD,4MM PF PLYWOOD,71.48,68.79194630872483,71.48,,True,,96,NEW#42,REPOINT_CREATED,,71.47651006711409,
LINE_UPDATE,RHINORANGE TRAILER,38,RHINORANGE TRAILER,FRONT,1801,94MM PICTURE FRAME,94MM PICTURE FRAME,42.4329,44.40719477838495,,,False,,319,319,IN_PLACE,,45.22052811171828,DB was 42.4329 vs Aug sheet 45.22052811171828 (pre-existing drift)
LINE_UPDATE,RHINORANGE TRAILER,39,RHINORANGE TRAILER,FRONT,1802,INT GRP SKIN 1*450,Rhinotex 2100 Bioshiled,282.53,295.39,,,False,,98,NEW#48,REPOINT_CREATED,,267.84,DB was 282.53 vs Aug sheet 267.84 (pre-existing drift)
PU_COVERED,RHINORANGE TRAILER,102,RHINORANGE TRAILER,ROOF,1840,PU,PU,637.38,585.8456375838927,637.38,585.8456375838927,False,,213,213,UNCHANGED,PU-4G-CONTINUATION,637.3783557046979,
LINE_UPDATE,RHINORANGE TRAILER,104,RHINORANGE TRAILER,ROOF,1842,INT GRP SKIN 1*450,Rhinotex 1150 Bioshield,282.5,222.76,,,False,,128,128,IN_PLACE,,267.84,DB was 282.5 vs Aug sheet 267.84 (pre-existing drift)
LINE_UPDATE,RHINORANGE TRAILER,105,RHINORANGE TRAILER,ROOF,1843,94MM PICTURE FRAME,94MM PICTURE FRAME,42.4329,44.40719477838495,,,False,,195,319,REPOINT_EXISTING,,45.22052811171828,DB was 42.4329 vs Aug sheet 45.22052811171828 (pre-existing drift)
LINE_UPDATE,RHINORANGE TRAILER,99,RHINORANGE TRAILER,ROOF,1837,EXT GRP SKIN 2*300,Rhinotex 1150 BW,214.1,213.11,214.1,,True,,177,125,REPOINT_EXISTING,,240.09,DB was 214.1 vs Aug sheet 240.09 (pre-existing drift)
LINE_UPDATE,RHINORANGE TRAILER,84,RHINORANGE TRAILER,SIDES,1827,EXT GRP SKIN 2*450,Crystex V2,256.5,256.5,256.5,256.5,False,,320,NEW#41,REPOINT_CREATED,,272.27,DB was 256.5 vs Aug sheet 272.27 (pre-existing drift)
PU_COVERED,RHINORANGE TRAILER,87,RHINORANGE TRAILER,SIDES,1830,PU,PU,325.06,298.7812751677852,325.06,298.7812751677852,False,,211,211,UNCHANGED,PU-4G-CONTINUATION,325.0629614093959,
LINE_UPDATE,RHINORANGE TRAILER,89,RHINORANGE TRAILER,SIDES,1832,4MM PF PLYWOOD,4MM PF PLYWOOD,71.48,68.79194630872483,71.48,,True,,121,NEW#42,REPOINT_CREATED,,71.47651006711409,
LINE_UPDATE,RHINORANGE TRAILER,91,RHINORANGE TRAILER,SIDES,1834,INT GRP SKIN 1*450,Rhinotex 2100 Bioshield,282.53,295.39,,,False,,122,NEW#43,REPOINT_CREATED,,267.84,DB was 282.53 vs Aug sheet 267.84 (pre-existing drift)
LINE_UPDATE,RHINORANGE TRAILER,92,RHINORANGE TRAILER,SIDES,1835,56MM PICTURE FRAME,56MM PICTURE FRAME,36.3205,37.28646144505161,,,False,,321,NEW#44,REPOINT_CREATED,,38.09979477838494,DB was 36.3205 vs Aug sheet 38.09979477838494 (pre-existing drift)
LINE_UPDATE,BAKERY BODIES,54,RIGID DRY FREIGHT,DRD,6681,EXT GRP SKIN 2*300 CSM,Rhinotex 1150,256.5,256.5,256.5,256.5,False,,358,NEW#5,REPOINT_CREATED,,213.11,DB was 256.5 vs Aug sheet 213.11 (pre-existing drift)
LINE_UPDATE,BAKERY BODIES,59,RIGID DRY FREIGHT,DRD,6686,4 MM PLYWOOD,4 MM PLYWOOD,71.4765,68.79194630872483,71.4765,,True,,360,NEW#6,REPOINT_CREATED,,71.47651006711409,
LINE_UPDATE,BAKERY BODIES,61,RIGID DRY FREIGHT,DRD,6688,19MM PHONO BONDED PLYWWOD,19MM PHONO BONDED PLYWWOD,316.779,223.15436241610738,316.779,,True,,386,NEW#9,REPOINT_CREATED,,316.77852348993287,
LINE_UPDATE,BAKERY BODIES,62,RIGID DRY FREIGHT,DRD,6689,INT GRP SKIN 1*450 CSM,Rhinotex 1150,256.5,256.5,256.5,256.5,False,,384,NEW#5,REPOINT_CREATED,,213.11,DB was 256.5 vs Aug sheet 213.11 (pre-existing drift)
LINE_UPDATE,BAKERY BODIES,63,RIGID DRY FREIGHT,DRD,6690,DOOR BLOCKS,DOOR BLOCKS,264.508,268.01775000000004,264.508,,True,,362,NEW#10,REPOINT_CREATED,,264.50775000000004,
LINE_UPDATE,BAKERY BODIES,39,RIGID DRY FREIGHT,FRONT,6671,EXT GRP SKIN 2*300 CSM,Rhinotex 1150,256.5,256.5,256.5,256.5,False,,358,NEW#5,REPOINT_CREATED,,213.11,DB was 256.5 vs Aug sheet 213.11 (pre-existing drift)
LINE_UPDATE,BAKERY BODIES,44,RIGID DRY FREIGHT,FRONT,6676,4 MM PLYWOOD,4 MM PLYWOOD,71.4765,68.79194630872483,71.4765,,True,,360,NEW#6,REPOINT_CREATED,,71.47651006711409,
LINE_UPDATE,BAKERY BODIES,46,RIGID DRY FREIGHT,FRONT,6678,19MM PHONO BONDED PLYWOOD,19MM PHONO BONDED PLYWOOD,316.779,223.15436241610738,316.779,,True,,382,NEW#7,REPOINT_CREATED,,316.77852348993287,
LINE_UPDATE,BAKERY BODIES,47,RIGID DRY FREIGHT,FRONT,6679,100*19mm PICTURE FRAME,100*19mm PICTURE FRAME,49.5219,46.27732240437159,49.5219,,True,,383,NEW#8,REPOINT_CREATED,,68.30601092896174,DB was 49.5219 vs Aug sheet 68.30601092896174 (pre-existing drift)
LINE_UPDATE,BAKERY BODIES,48,RIGID DRY FREIGHT,FRONT,6680,INT GRP SKIN 1*450 CSM,Rhinotex 1150,256.5,256.5,256.5,256.5,False,,384,NEW#5,REPOINT_CREATED,,213.11,DB was 256.5 vs Aug sheet 213.11 (pre-existing drift)
LINE_UPDATE,BAKERY BODIES,142,RIGID DRY FREIGHT,ROOF,6744,EXT GRP SKIN 1*450 CSM,Rhinotex 1150,256.5,256.5,256.5,256.5,False,,400,NEW#5,REPOINT_CREATED,,213.11,DB was 256.5 vs Aug sheet 213.11 (pre-existing drift)
LINE_UPDATE,BAKERY BODIES,147,RIGID DRY FREIGHT,ROOF,6749,100*45MM PICTURE FRAME,100*45MM PICTURE FRAME,1106.43,34.144961445051614,,,False,,403,NEW#13,REPOINT_CREATED,,34.958294778384946,DB was 1106.43 vs Aug sheet 34.958294778384946 (pre-existing drift)
LINE_UPDATE,BAKERY BODIES,148,RIGID DRY FREIGHT,ROOF,6750,INT GRP SKIN 1*450 CSM,Rhinotex 1150,256.5,256.5,256.5,256.5,False,,384,NEW#5,REPOINT_CREATED,,213.11,DB was 256.5 vs Aug sheet 213.11 (pre-existing drift)
LINE_UPDATE,BAKERY BODIES,127,RIGID DRY FREIGHT,SIDES,6734,EXT GRP SKIN 2*300 CSM,Rhinotex 1150,256.5,256.5,256.5,256.5,False,,358,NEW#5,REPOINT_CREATED,,213.11,DB was 256.5 vs Aug sheet 213.11 (pre-existing drift)
LINE_UPDATE,BAKERY BODIES,132,RIGID DRY FREIGHT,SIDES,6739,4 MM PLYWOOD,4 MM PLYWOOD,71.4765,68.79194630872483,71.4765,,True,,360,NEW#6,REPOINT_CREATED,,71.47651006711409,
LINE_UPDATE,BAKERY BODIES,134,RIGID DRY FREIGHT,SIDES,6741,19MM PHENO BONDED PLYWOOD,19MM PHENO BONDED PLYWOOD,316.779,46.27732240437159,316.779,,True,,397,NEW#11,REPOINT_CREATED,,68.30601092896174,DB was 316.779 vs Aug sheet 68.30601092896174 (pre-existing drift)
LINE_UPDATE,BAKERY BODIES,135,RIGID DRY FREIGHT,SIDES,6742,100*19 PICTURE  FRAME,100*19 PICTURE  FRAME,49.5219,46.27732240437159,49.5219,,True,,398,NEW#12,REPOINT_CREATED,,68.30601092896174,DB was 49.5219 vs Aug sheet 68.30601092896174 (pre-existing drift)
LINE_UPDATE,BAKERY BODIES,136,RIGID DRY FREIGHT,SIDES,6743,INT GRP SKIN 1*450 CSM,Rhinotex 1150,256.5,256.5,256.5,256.5,False,,384,NEW#5,REPOINT_CREATED,,213.11,DB was 256.5 vs Aug sheet 213.11 (pre-existing drift)
LINE_UPDATE,BAKERY BODIES,88,RIGID DRY FREIGHT,SRD,6705,EXT GRP SKIN 2*300 CSM,Rhinotex 1150,256.5,256.5,256.5,256.5,False,,358,NEW#5,REPOINT_CREATED,,213.11,DB was 256.5 vs Aug sheet 213.11 (pre-existing drift)
LINE_UPDATE,BAKERY BODIES,93,RIGID DRY FREIGHT,SRD,6710,4 MM PLYWOOD,4 MM PLYWOOD,71.4765,68.79194630872483,71.4765,,True,,360,NEW#6,REPOINT_CREATED,,71.47651006711409,
LINE_UPDATE,BAKERY BODIES,96,RIGID DRY FREIGHT,SRD,6713,INT GRP SKIN 1*450 CSM,Rhinotex 1150,256.5,256.5,256.5,256.5,False,,384,NEW#5,REPOINT_CREATED,,213.11,DB was 256.5 vs Aug sheet 213.11 (pre-existing drift)
LINE_UPDATE,BAKERY BODIES,97,RIGID DRY FREIGHT,SRD,6714,DOOR BLOCKS,DOOR BLOCKS,264.508,268.01775000000004,264.508,,True,,362,NEW#10,REPOINT_CREATED,,264.50775000000004,
LINE_UPDATE,TAUT LINER RIGID,28,TAUT LINER RIGID,DRD,1067,EXT GRP SKIN 2*300 CSM,EXT GRP SKIN 2*300 CSM,223.0,263.65,,,False,,358,369,REPOINT_EXISTING,,272.27,DB was 223.0 vs Aug sheet 272.27 (pre-existing drift)
LINE_UPDATE,TAUT LINER RIGID,32,TAUT LINER RIGID,DRD,1071,4 MM PLYWOOD,4 MM PLYWOOD,453.447,205.0,,,False,,360,NEW#14,REPOINT_CREATED,,213.0,DB was 453.447 vs Aug sheet 213.0 (pre-existing drift)
LINE_UPDATE,TAUT LINER RIGID,34,TAUT LINER RIGID,DRD,1073,INT GRP SKIN 2*300 CSM,INT GRP SKIN 2*300 CSM,223.0,263.65,,,False,,361,361,IN_PLACE,,272.27,DB was 223.0 vs Aug sheet 272.27 (pre-existing drift)
LINE_UPDATE,TAUT LINER RIGID,35,TAUT LINER RIGID,DRD,1074,DOOR BLOCKS,DOOR BLOCKS,264.508,794.51775,,,False,,362,NEW#15,REPOINT_CREATED,,791.00775,DB was 264.508 vs Aug sheet 791.00775 (pre-existing drift)
LINE_UPDATE,TAUT LINER RIGID,81,TAUT LINER RIGID,ROOF,1099,EXT GRP SKIN 2*300 CSM,EXT GRP SKIN 2*300 CSM,223.0,263.65,,,False,,369,369,IN_PLACE,,272.27,DB was 223.0 vs Aug sheet 272.27 (pre-existing drift)
