trailer,section,material,override_price,material_price,bom_id
CHILLER 2.3 METER,ALUMINIUM,28782 BIG HORIZONTALE CAP,203.25,203.25,3769
CHILLER 2.3 METER,ALUMINIUM,28780 SMALL VERTICAL,149.08,203.25,3770
CHILLER 2.3 METER,ALUMINIUM,SMALL ALU CORNERS,43.92,45.0,3773
CHILLER 2.3 METER,DRD,EPS,135.96,127.72,3722
CHILLER 2.3 METER,DRD DOOR FITTINGS,28779 DOOR CAPPING,149.08,149.08,3729
CHILLER 2.3 METER,DRD DOOR FITTINGS,28777 DOOR CAPPING,132.13,108.3,3730
CHILLER 2.3 METER,DRD DOOR FITTINGS,SILPLUS X WHITE SILICONE,116.15,116.15,3736
CHILLER 2.3 METER,FLOOR,EPS,156.56,156.56,3758
CHILLER 2.3 METER,FRONT,EPS,135.96,127.72,3691
CHILLER 2.3 METER,REAR FRAME & FLOOR PLATE,TOP FRAME RAIN GUTTER,965.76,365.76,3784
CHILLER 2.3 METER,REAR FRAME & FLOOR PLATE,SILPLUS X-WHITE,116.15,348.45,3786
CHILLER 2.3 METER,REAR FRAME & FLOOR PLATE,2771-0824 MONOBOLTS,3.65,3.65,3791
CHILLER 2.3 METER,ROOF,EPS,156.56,156.56,3750
CHILLER 2.3 METER,ROOF,3MM MILD STEEL PLATE,95.46,95.4633,3755
CHILLER 2.3 METER,SIDES,EPS,135.96,127.72,3742
CHILLER 2.3 METER,SIDES,3MM MILD STEEL PLATE,95.46,95.4633,3747
CHILLER 2.3 METER,SPRAY PAINTING,PAINTING OF SUB FRAME + REAR FRAME,750.0,750.0,3792
CHILLER 2.3 METER,SRD DOOR FITTINGS,28779 DOOR CAPPING,149.08,122.2,3705
CHILLER 2.3 METER,SRD DOOR FITTINGS,28777 DOOR CAPPING,132.13,108.3,3706
CHILLER 2.3 METER,SRD DOOR FITTINGS,28781 SMALL HORIZ CAPPING,203.25,197.2,3713
CHILLER 2.3 METER,SRD DOOR FITTINGS,28780 SMALL VERTICAL,149.08,203.25,3714
CHILLER 2.3 METER,SUB FRAME + LIGHT BOX ASSY,100*50*3MM ANGLE,1015.62,665.181,3774
CHILLER 2.3 METER,SUB FRAME + LIGHT BOX ASSY,100*50*3MM CROSS MEMBER,1015.62,243.0,3775
CHILLER 2.3 METER,SUB FRAME + LIGHT BOX ASSY,3MM LIGHT BOX,384.42,384.42,3777
CHILLER LARGE,ALUMINIUM,28782 BIG HORIZONTALE CAP,240.58,203.25,3395
CHILLER LARGE,ALUMINIUM,28780 SMALL VERTICAL,149.08,203.25,3396
CHILLER LARGE,ALUMINIUM,0661-0631 RIVETS,0.515,360.5,3397
CHILLER LARGE,ALUMINIUM,X - LARGE ALU CORNER,54.9,45.0,3399
CHILLER LARGE,BODY OPTIONS,FRONT EPS,0.0,0.0,3431
CHILLER LARGE,BODY OPTIONS,DRD EPS,0.0,0.0,3433
CHILLER LARGE,BODY OPTIONS,SIDES EPS,0.0,0.0,3437
CHILLER LARGE,BODY OPTIONS,ROOF EPS,0.0,0.675,3439
CHILLER LARGE,BODY OPTIONS,FLOOR EPS,0.0,0.0,3441
CHILLER LARGE,DRD,GLUE LINE,28.58,28.58,3343
CHILLER LARGE,DRD,PU,185.2,352.12,3345
CHILLER LARGE,DRD,GLUE LINE,28.58,28.58,3346
CHILLER LARGE,DRD,GLUE LINE,28.58,28.58,3348
CHILLER LARGE,DRD DOOR FITTINGS,CSLB HINGES,146.73,146.73,3351
CHILLER LARGE,DRD DOOR FITTINGS,SB 51111 DOOR SET,506.91,506.91,3352
CHILLER LARGE,DRD DOOR FITTINGS,34MM LOCKING POLE,42.0,252.0,3353
CHILLER LARGE,DRD DOOR FITTINGS,28779 DOOR CAPPING,149.08,149.08,3354
CHILLER LARGE,DRD DOOR FITTINGS,28777 DOOR CAPPING,132.13,108.3,3355
CHILLER LARGE,DRD DOOR FITTINGS,SILPLUS X WHITE SILICONE,116.15,116.15,3360
CHILLER LARGE,DRD DOOR FITTINGS,T-BAR CATCH,56.0,56.0,3362
CHILLER LARGE,FLOOR,EPS,206.0,156.56,3384
CHILLER LARGE,FLOOR,PU,308.67,523.937,3385
CHILLER LARGE,FLOOR,ANTI-SKID FINAL COAT,45.822,32.0943,3391
CHILLER LARGE,FLOOR,RICE GRAIN ALU FLOOR,24356.2,24356.25,3392
CHILLER LARGE,FRONT,EXT GRP SKIN 2*300 GLOSS CRYSTEX V2,264.37,264.37,3307
CHILLER LARGE,FRONT,EPS,127.72,127.72,3309
CHILLER LARGE,FRONT,PU,185.2,352.12,3310
CHILLER LARGE,REAR FRAME & FLOOR PLATE,3MM 3CR12 REAR FRAME,965.76,524.794,3420
CHILLER LARGE,REAR FRAME & FLOOR PLATE,TOP FRAME RAIN GUTTER,965.76,365.76,3421
CHILLER LARGE,REAR FRAME & FLOOR PLATE,3MM 3CR12 FLOOR PLATE,965.76,326.427,3422
CHILLER LARGE,REAR FRAME & FLOOR PLATE,SILPLUS X-WHITE,116.15,348.45,3423
CHILLER LARGE,REAR FRAME & FLOOR PLATE,2771-0824 MONOBOLTS,3.65,3.65,3428
CHILLER LARGE,ROOF,EPS,206.0,156.56,3376
CHILLER LARGE,ROOF,PU,308.67,157.599,3377
CHILLER LARGE,ROOF,3MM MILD STEEL PLATE,95.46,95.4633,3381
CHILLER LARGE,SIDES,PU,185.2,352.12,3367
CHILLER LARGE,SIDES,3MM MILD STEEL PLATE,95.46,95.4633,3373
CHILLER LARGE,SPRAY PAINTING,PAINTING OF SUB FRAME + REAR FRAME,750.0,750.0,3429
CHILLER LARGE,SRD DOOR FITTINGS,28779 DOOR CAPPING,149.08,122.2,3328
CHILLER LARGE,SRD DOOR FITTINGS,28777 DOOR CAPPING,132.13,108.3,3329
CHILLER LARGE,SUB FRAME + LIGHT BOX ASSY,100*50*3MM CROSS MEMBER,243.0,243.0,3401
CHILLER LARGE,SUB FRAME + LIGHT BOX ASSY,3MM LIGHT BOX,384.42,384.42,3404
CHILLER LARGE,SUB FRAME + LIGHT BOX ASSY,100*50 RSC BUMPER,167.92,124.68,3406
CHILLER LARGE,SUB FRAME + LIGHT BOX ASSY,2MM CHEVRON PLATE,260.68,260.68,3407
CHILLER LARGE,SUB FRAME + LIGHT BOX ASSY,3MM MUD FLAP PLATES,384.42,384.42,3412
CHILLER LARGE,SUB FRAME + LIGHT BOX ASSY,40*5MM FAT BAR,37.21,45.3962,3413
CHILLER LARGE,SUB FRAME + LIGHT BOX ASSY,1.2MM GALV PLATE,267.08,300.782,3417
CHILLER MEDIUM,ALUMINIUM,28781 small HORIZONTALE CAP,203.25,197.2,3256
CHILLER MEDIUM,ALUMINIUM,28780 SMALL VERTICAL,149.08,203.25,3257
CHILLER MEDIUM,ALUMINIUM,BIG ALU CORNERS,54.9,45.0,3260
CHILLER MEDIUM,DRD,EPS,127.72,127.72,3204
CHILLER MEDIUM,DRD,PU,185.2,352.12,3205
CHILLER MEDIUM,DRD DOOR FITTINGS,28779 DOOR CAPPING,149.08,149.08,3213
CHILLER MEDIUM,DRD DOOR FITTINGS,28777 DOOR CAPPING,132.13,108.3,3214
CHILLER MEDIUM,DRD DOOR FITTINGS,SILPLUS X WHITE SILICONE,116.15,116.15,3220
CHILLER MEDIUM,FLOOR,EPS,156.56,156.56,3244
CHILLER MEDIUM,FRONT,EPS,127.72,127.72,3169
CHILLER MEDIUM,REAR FRAME & FLOOR PLATE,TOP FRAME RAIN GUTTER,768.0,365.76,3282
CHILLER MEDIUM,REAR FRAME & FLOOR PLATE,3MM 3CR12 FLOOR PLATE,768.0,326.427,3283
CHILLER MEDIUM,REAR FRAME & FLOOR PLATE,SILPLUS X-WHITE,116.15,348.45,3284
CHILLER MEDIUM,REAR FRAME & FLOOR PLATE,2771-0824 MONOBOLTS,3.64,3.65,3289
CHILLER MEDIUM,ROOF,EPS,156.56,156.56,3236
CHILLER MEDIUM,ROOF,3MM MILD STEEL PLATE,95.46,95.4633,3241
CHILLER MEDIUM,SIDES,EPS,127.72,127.72,3226
CHILLER MEDIUM,SIDES,3MM MILD STEEL PLATE,95.46,95.4633,3233
CHILLER MEDIUM,SPRAY PAINTING,PAINTING OF SUB FRAME + REAR FRAME,750.0,750.0,3290
CHILLER MEDIUM,SRD DOOR FITTINGS,28779 DOOR CAPPING,149.08,122.2,3187
CHILLER MEDIUM,SRD DOOR FITTINGS,28777 DOOR CAPPING,132.13,108.3,3188
CHILLER MEDIUM,SRD DOOR FITTINGS,28781 SMALL HORIZ CAPPING,203.25,197.2,3195
CHILLER MEDIUM,SRD DOOR FITTINGS,28780 SMALL VERTICAL,149.08,203.25,3196
CHILLER MEDIUM,SUB FRAME + LIGHT BOX ASSY,178*54RSC,243.0,243.0,3261
CHILLER MEDIUM,SUB FRAME + LIGHT BOX ASSY,100*50*3MM CROSS MEMBER,243.0,243.0,3262
CHILLER MEDIUM,SUB FRAME + LIGHT BOX ASSY,40*5MM FAT BAR,37.21,45.3962,3274
EXPLOSIVE 2.7 TO 4.8,ALUMINIUM,28783  SMALL HORIZONTALE CAP,240.58,197.2,6418
EXPLOSIVE 2.7 TO 4.8,ALUMINIUM,28780 SMALL VERTICAL,181.78,203.25,6419
EXPLOSIVE 2.7 TO 4.8,ALUMINIUM,BIG ALU CORNERS,54.9,45.0,6422
EXPLOSIVE 2.7 TO 4.8,DRD,0.9MM ALU PLATE,312.4,260.333,6375
EXPLOSIVE 2.7 TO 4.8,DRD DOOR FITTINGS,28779 DOOR CAPPING,149.08,149.08,6379
EXPLOSIVE 2.7 TO 4.8,DRD DOOR FITTINGS,28777 DOOR CAPPING,132.13,108.3,6380
EXPLOSIVE 2.7 TO 4.8,FLOOR,RICE GRAIN ALU FLOOR,3336.47,24356.25,6412
EXPLOSIVE 2.7 TO 4.8,FLOOR,ALU KICK PLATE,496.05,496.05,6413
EXPLOSIVE 2.7 TO 4.8,FRONT,0.9 MM ALU PLATE,312.4,260.333,6341
EXPLOSIVE 2.7 TO 4.8,REAR FRAME & FLOOR PLATE,3MM 3CR12 REAR FRAME,965.76,524.794,6442
EXPLOSIVE 2.7 TO 4.8,REAR FRAME & FLOOR PLATE,TOP FRAME RAIN GUTTER,965.76,365.76,6443
EXPLOSIVE 2.7 TO 4.8,REAR FRAME & FLOOR PLATE,3MM 3CR12 FLOOR PLATE,965.76,326.427,6444
EXPLOSIVE 2.7 TO 4.8,REAR FRAME & FLOOR PLATE,SILPLUS X-WHITE,116.15,348.45,6445
EXPLOSIVE 2.7 TO 4.8,ROOF,0.9MM ALU PLATE,312.4,260.333,6406
EXPLOSIVE 2.7 TO 4.8,SIDES,0.9MM ALU PLATE,312.4,260.333,6397
EXPLOSIVE 2.7 TO 4.8,SRD,0.9MM ALU PLATE,312.4,260.333,6349
EXPLOSIVE 2.7 TO 4.8,SRD DOOR FITTINGS,28779 DOOR CAPPING,149.08,122.2,6353
EXPLOSIVE 2.7 TO 4.8,SRD DOOR FITTINGS,28777 DOOR CAPPING,132.13,108.3,6354
EXPLOSIVE 2.7 TO 4.8,SRD DOOR FITTINGS,28781 SMALL HORIZ CAPPING,240.58,197.2,6361
EXPLOSIVE 2.7 TO 4.8,SRD DOOR FITTINGS,28780 SMALL VERTICAL,181.78,203.25,6362
EXPLOSIVE 2.7 TO 4.8,SUB FRAME + LIGHT BOX ASSY,100*50 TAPER CHANNEL,124.68,124.68,6428
EXPLOSIVE 2.7 TO 4.8,SUB FRAME + LIGHT BOX ASSY,100*100*3 SQ TUBE,167.92,167.92,6429
EXPLOSIVE 2.7 TO 4.8,SUB FRAME + LIGHT BOX ASSY,40*5MM FAT BAR,37.21,45.3962,6436
EXPLOSIVE 4.9 AND UP,ALUMINIUM,28781 small HORIZONTALE CAP,240.58,197.2,4021
EXPLOSIVE 4.9 AND UP,ALUMINIUM,28780 SMALL VERTICAL,181.78,203.25,4022
EXPLOSIVE 4.9 AND UP,ALUMINIUM,SMALL ALU CORNERS,54.9,45.0,4025
EXPLOSIVE 4.9 AND UP,DRD,0.9MM ALU PLATE,312.4,260.333,3978
EXPLOSIVE 4.9 AND UP,DRD DOOR FITTINGS,28779 DOOR CAPPING,149.08,149.08,3982
EXPLOSIVE 4.9 AND UP,DRD DOOR FITTINGS,28777 DOOR CAPPING,132.13,108.3,3983
EXPLOSIVE 4.9 AND UP,FLOOR,RICE GRAIN FLOOR,3336.47,24356.25,4015
EXPLOSIVE 4.9 AND UP,FLOOR,ALU KICK PLATES,496.05,406.6,4016
EXPLOSIVE 4.9 AND UP,FRONT,0.9MM ALU PLATE,312.4,260.333,3944
EXPLOSIVE 4.9 AND UP,REAR FRAME & FLOOR PLATE,3MM 3CR12 REAR FRAME,2085.76,524.794,4045
EXPLOSIVE 4.9 AND UP,REAR FRAME & FLOOR PLATE,TOP FRAME RAIN GUTTER,2085.76,365.76,4046
EXPLOSIVE 4.9 AND UP,REAR FRAME & FLOOR PLATE,3MM 3CR12 FLOOR PLATE,2085.76,326.427,4047
EXPLOSIVE 4.9 AND UP,REAR FRAME & FLOOR PLATE,SILPLUS X-WHITE,116.15,348.45,4048
EXPLOSIVE 4.9 AND UP,ROOF,0.9MM ALU PLATE,312.4,260.333,4009
EXPLOSIVE 4.9 AND UP,SIDES,0.9MM ALU PLATE,312.4,260.333,4000
EXPLOSIVE 4.9 AND UP,SRD,0.9MM ALU PLATE,312.4,260.333,3952
EXPLOSIVE 4.9 AND UP,SRD DOOR FITTINGS,28779 DOOR CAPPING,149.08,122.2,3956
EXPLOSIVE 4.9 AND UP,SRD DOOR FITTINGS,28777 DOOR CAPPING,132.13,108.3,3957
EXPLOSIVE 4.9 AND UP,SRD DOOR FITTINGS,28781 SMALL HORIZ CAPPING,240.58,197.2,3964
EXPLOSIVE 4.9 AND UP,SRD DOOR FITTINGS,28780 SMALL VERTICAL,181.78,203.25,3965
EXPLOSIVE 4.9 AND UP,SRD DOOR FITTINGS,3MM ALU BUFFER PLATE,164.575,164.575,3968
EXPLOSIVE 4.9 AND UP,SUB FRAME + LIGHT BOX ASSY,5MM MOUNTING BRACKETS BOTTOM,818.36,243.0,4028
EXPLOSIVE 4.9 AND UP,SUB FRAME + LIGHT BOX ASSY,100*50 TAPER CHANNEL,124.68,124.68,4031
EXPLOSIVE 4.9 AND UP,SUB FRAME + LIGHT BOX ASSY,40*5MM FAT BAR,37.21,45.3962,4039
EXPLOSIVE UP TO 2.7,ALUMINIUM,28780 SMALL VERTICAL,181.78,203.25,5257
EXPLOSIVE UP TO 2.7,ALUMINIUM,BIG ALU CORNERS,54.9,45.0,5260
EXPLOSIVE UP TO 2.7,DRD,0.9 MM ALU PLATE,312.4,260.333,5214
EXPLOSIVE UP TO 2.7,DRD DOOR FITTINGS,28779 DOOR CAPPING,149.08,149.08,5218
EXPLOSIVE UP TO 2.7,DRD DOOR FITTINGS,28777 DOOR CAPPING,132.13,108.3,5219
EXPLOSIVE UP TO 2.7,FLOOR,ALU TREAD PLATE 6/4.6,3336.47,2965.75,5250
EXPLOSIVE UP TO 2.7,FLOOR,ALU KICK PLATE,496.05,496.05,6332
EXPLOSIVE UP TO 2.7,FRONT,GLUE LINE,28.59,28.58,5177
EXPLOSIVE UP TO 2.7,FRONT,0.9MM ALU PLATE,312.4,260.333,5180
EXPLOSIVE UP TO 2.7,REAR FRAME & FLOOR PLATE,3MM 3CR12 REAR FRAME,965.76,524.794,5271
EXPLOSIVE UP TO 2.7,REAR FRAME & FLOOR PLATE,TOP FRAME RAIN GUTTER,965.76,365.76,5272
EXPLOSIVE UP TO 2.7,REAR FRAME & FLOOR PLATE,3MM 3CR12 FLOOR PLATE,965.76,326.427,5273
EXPLOSIVE UP TO 2.7,REAR FRAME & FLOOR PLATE,SILPLUS X-WHITE,116.15,348.45,5274
EXPLOSIVE UP TO 2.7,ROOF,0.9 MM ALU PLATE,312.4,260.333,5245
EXPLOSIVE UP TO 2.7,ROOF,3MM MILD STEEL PLATE,95.46,95.4633,5246
EXPLOSIVE UP TO 2.7,SIDES,0.9MM ALU PLATE,312.4,260.333,5236
EXPLOSIVE UP TO 2.7,SIDES,3MM MILD STEEL PLATE,95.46,95.4633,5237
FREEZER 2.3 METER,ALUMINIUM,28781 small HORIZONTALE CAP,203.25,197.2,3648
FREEZER 2.3 METER,ALUMINIUM,28780 SMALL VERTICAL,149.08,203.25,3649
FREEZER 2.3 METER,ALUMINIUM,SMALL ALU CORNERS,43.92,45.0,3652
FREEZER 2.3 METER,BODY OPTIONS,1ST ROW ALU KICK PLATE,0.0,76.5,3687
FREEZER 2.3 METER,DRD DOOR FITTINGS,28779 DOOR CAPPING,149.08,149.08,3606
FREEZER 2.3 METER,DRD DOOR FITTINGS,28777 DOOR CAPPING,132.13,108.3,3607
FREEZER 2.3 METER,DRD DOOR FITTINGS,2316 DOOR RUBBER,24.72,24.72,3608
FREEZER 2.3 METER,DRD DOOR FITTINGS,2317 DOOR RUBBER,60.18,60.18,3609
FREEZER 2.3 METER,REAR FRAME & FLOOR PLATE,3MM 3CR12 REAR FRAME,965.76,524.794,3663
FREEZER 2.3 METER,REAR FRAME & FLOOR PLATE,TOP FRAME RAIN GUTTER,965.76,365.76,3664
FREEZER 2.3 METER,REAR FRAME & FLOOR PLATE,SILPLUS X-WHITE,116.15,348.45,3666
FREEZER 2.3 METER,ROOF,3MM MILD STEEL PLATE,95.46,95.4633,3632
FREEZER 2.3 METER,SIDES,3MM MILD STEEL PLATE,95.46,95.4633,3624
FREEZER 2.3 METER,SPRAY PAINTING,PAINTING OF SUB FRAME + REAR FRAME,750.0,750.0,3672
FREEZER 2.3 METER,SRD DOOR FITTINGS,28779 DOOR CAPPING,149.08,122.2,3582
FREEZER 2.3 METER,SRD DOOR FITTINGS,28777 DOOR CAPPING,132.13,108.3,3583
FREEZER 2.3 METER,SRD DOOR FITTINGS,28781 SMALL HORIZ CAPPING,181.78,197.2,3590
FREEZER 2.3 METER,SRD DOOR FITTINGS,28780 SMALL VERTICAL,149.08,203.25,3591
FREEZER 2.3 METER,SUB FRAME + LIGHT BOX ASSY,100*50*3MM ANGLE,665.18,665.181,3653
FREEZER 2.3 METER,SUB FRAME + LIGHT BOX ASSY,100*50*3MM CROSS MEMBER,665.18,243.0,3654
FREEZER 2.3 METER,SUB FRAME + LIGHT BOX ASSY,MOUNTING CLEATS TOP,102.29,133.999,3655
FREEZER LARGE,ALUMINIUM,BIG HORIZONTAL,242.9,242.9,2640
FREEZER LARGE,ALUMINIUM,28778 BIG VERTICAL,181.78,181.78,2641
FREEZER LARGE,ALUMINIUM,BIG CORNERS,54.9,54.9,2642
FREEZER LARGE,DRD DOOR FITTINGS,28779 DOOR CAPPING,149.08,149.08,2596
FREEZER LARGE,DRD DOOR FITTINGS,28777 DOOR CAPPING,149.08,108.3,2597
FREEZER LARGE,FLOOR,EPS,206.0,156.56,2627
FREEZER LARGE,FLOOR,2*300 INT LAMINATION,78.14,31.9395,2634
FREEZER LARGE,FLOOR,ALU EXTRUTION FLOOR,428.95,428.95,2636
FREEZER LARGE,REAR FRAME & FLOOR PLATE,3MM 3CR12 REAR FRAME,965.76,524.794,2669
FREEZER LARGE,REAR FRAME & FLOOR PLATE,TOP FRAME RAIN GUTTER,965.76,365.76,2670
FREEZER LARGE,REAR FRAME & FLOOR PLATE,3MM 3CR12 FLOOR PLATE,965.76,326.427,2671
FREEZER LARGE,REAR FRAME & FLOOR PLATE,SILPLUS X-WHITE,0.5,348.45,2672
FREEZER LARGE,ROOF,EPS,206.0,156.56,2619
FREEZER LARGE,ROOF,3MM MILD STEEL PLATE,95.46,95.4633,2624
FREEZER LARGE,SIDES,3MM MILD STEEL PLATE,95.46,95.4633,2616
FREEZER LARGE,SPRAY PAINTING,PAINTING OF SUB FRAME + REAR FRAME,750.0,750.0,2678
FREEZER LARGE,SRD DOOR FITTINGS,28779 DOOR CAPPING,149.08,122.2,2569
FREEZER LARGE,SRD DOOR FITTINGS,28777 DOOR CAPPING,132.13,108.3,2570
FREEZER LARGE,SRD DOOR FITTINGS,28781 SMALL HORIZ CAPPING,240.58,197.2,2577
FREEZER LARGE,SRD DOOR FITTINGS,28780 SMALL VERTICAL,149.08,203.25,2578
FREEZER LARGE,SUB FRAME + LIGHT BOX ASSY,178*54RSC,243.0,243.0,2645
FREEZER LARGE,SUB FRAME + LIGHT BOX ASSY,5MM LARGE BOX MOUNTING,86.45,86.4522,2647
FREEZER LARGE,SUB FRAME + LIGHT BOX ASSY,5MM SMALL BOX MOUNTING,37.37,37.3725,2648
FREEZER LARGE,SUB FRAME + LIGHT BOX ASSY,100*50 TAPER CHANNEL,124.68,124.68,2654
FREEZER LARGE,SUB FRAME + LIGHT BOX ASSY,100*100*3 SQ TUBE,167.92,167.92,2655
FREEZER LARGE,SUB FRAME + LIGHT BOX ASSY,2MM CHEVRON PLATE,260.68,260.68,2656
FREEZER LARGE,SUB FRAME + LIGHT BOX ASSY,3MM MUD FLAP PLATES,384.42,384.42,2661
FREEZER LARGE,SUB FRAME + LIGHT BOX ASSY,1.2MM GALV PLATE,160.4,300.782,2666
FREEZER MEDIUM,ALUMINIUM,28780 SMALL VERTICAL,149.08,203.25,2494
FREEZER MEDIUM,ALUMINIUM,BIG ALU CORNERS,54.9,45.0,2497
FREEZER MEDIUM,DRD DOOR FITTINGS,28779 DOOR CAPPING,149.08,149.08,2449
FREEZER MEDIUM,DRD DOOR FITTINGS,28777 DOOR CAPPING,132.13,108.3,2450
FREEZER MEDIUM,FLOOR,RICE GRAIN ALU FLOOR,24356.2,24356.25,2490
FREEZER MEDIUM,FLOOR,1ST ROW KICK PLATE,496.05,496.05,2491
FREEZER MEDIUM,REAR FRAME & FLOOR PLATE,"2,5MM 3CR12 REAR FRAME",768.0,965.76,2521
FREEZER MEDIUM,REAR FRAME & FLOOR PLATE,TOP FRAME RAIN GUTTER,768.0,365.76,2522
FREEZER MEDIUM,REAR FRAME & FLOOR PLATE,3MM 3CR12 FLOOR PLATE,768.0,326.427,2523
FREEZER MEDIUM,REAR FRAME & FLOOR PLATE,SILPLUS X-WHITE,116.15,348.45,2524
FREEZER MEDIUM,SIDES,3MM MILD STEEL PLATE,95.46,95.4633,2469
FREEZER MEDIUM,SPRAY PAINTING,PAINTING OF SUB FRAME + REAR FRAME,750.0,750.0,2530
FREEZER MEDIUM,SRD DOOR FITTINGS,28779 DOOR CAPPING,149.08,122.2,2423
FREEZER MEDIUM,SRD DOOR FITTINGS,28777 DOOR CAPPING,132.13,108.3,2424
FREEZER MEDIUM,SRD DOOR FITTINGS,28781 SMALL HORIZ CAPPING,203.25,197.2,2431
FREEZER MEDIUM,SRD DOOR FITTINGS,28780 SMALL VERTICAL,149.08,203.25,2432
FREEZER MEDIUM,SUB FRAME + LIGHT BOX ASSY,100*50*3MM CROSS MEMBER,243.0,243.0,2499
FREEZER MEDIUM,SUB FRAME + LIGHT BOX ASSY,SMALL MOUNTING BRACKET,68.8,68.795,2502
FREEZER MEDIUM,SUB FRAME + LIGHT BOX ASSY,40*5MM FAT BAR,37.21,45.3962,2515
ICECREAM BODY LARGE,ALUMINIUM,28782 BIG HORIZONTALE CAP,240.58,203.25,5384
ICECREAM BODY LARGE,ALUMINIUM,28780 SMALL VERTICAL,203.25,203.25,5385
ICECREAM BODY LARGE,ALUMINIUM,BIG ALU CORNERS,54.9,45.0,5388
ICECREAM BODY LARGE,DRD DOOR FITTINGS,28779 DOOR CAPPING,149.08,149.08,5342
ICECREAM BODY LARGE,DRD DOOR FITTINGS,28777 DOOR CAPPING,132.13,108.3,5343
ICECREAM BODY LARGE,FLOOR,12MM BIRCH PLYWOOD,354.03,354.03,5374
ICECREAM BODY LARGE,REAR FRAME & FLOOR PLATE,3MM 3CR12 REAR FRAME,965.76,524.794,5412
ICECREAM BODY LARGE,REAR FRAME & FLOOR PLATE,TOP FRAME RAIN GUTTER,965.76,365.76,5413
ICECREAM BODY LARGE,REAR FRAME & FLOOR PLATE,3MM 3CR12 FLOOR PLATE,965.765,326.427,5414
ICECREAM BODY LARGE,REAR FRAME & FLOOR PLATE,SILPLUS X-WHITE,116.15,348.45,5415
ICECREAM BODY LARGE,ROOF,3MM MILD STEEL PLATE,384.42,95.4633,5368
ICECREAM BODY LARGE,SIDES,3MM MILD STEEL PLATE,384.42,95.4633,5361
ICECREAM BODY LARGE,SRD DOOR FITTINGS,28779 DOOR CAPPING,149.08,122.2,5315
ICECREAM BODY LARGE,SRD DOOR FITTINGS,28777 DOOR CAPPING,132.13,108.3,5316
ICECREAM BODY LARGE,SRD DOOR FITTINGS,28781 SMALL HORIZ CAPPING,240.58,197.2,5323
ICECREAM BODY LARGE,SRD DOOR FITTINGS,28780 SMALL VERTICAL,203.25,203.25,5324
ICECREAM BODY LARGE,SUB FRAME + LIGHT BOX ASSY,100*50*3MM CROSS MEMBER,243.0,243.0,5390
ICECREAM BODY LARGE,SUB FRAME + LIGHT BOX ASSY,SPRING MOUNTING,162.9,380.638,5391
ICECREAM BODY LARGE,SUB FRAME + LIGHT BOX ASSY,2MM CHEVRON PLATE,267.87,260.68,5400
ICECREAM BODY LARGE,SUB FRAME + LIGHT BOX ASSY,ICB MUDFLAP,384.42,267.08,5408
ICECREAM BODY MEDIUM,ALUMINIUM,28782 SMALL  HORIZONTALE CAP,240.58,197.2,5662
ICECREAM BODY MEDIUM,ALUMINIUM,28780 SMALL VERTICAL,203.25,203.25,5663
ICECREAM BODY MEDIUM,ALUMINIUM,BIG ALU CORNERS,54.9,45.0,5666
ICECREAM BODY MEDIUM,DRD DOOR FITTINGS,28777 DOOR CAPPING,132.13,108.3,5622
ICECREAM BODY MEDIUM,FLOOR,9MM BIRCH PLYWOOD,316.78,316.78,5653
ICECREAM BODY MEDIUM,ROOF,3MM MILD STEEL PLATE,384.42,95.4633,5647
ICECREAM BODY MEDIUM,SIDES,3MM MILD STEEL PLATE,384.42,95.4633,5640
ICECREAM BODY MEDIUM,SPRAY PAINTING,PAINTING OF SUB FRAME + REAR FRAME,750.0,750.0,5699
ICECREAM BODY MEDIUM,SRD DOOR FITTINGS,CSLB HINGES,146.73,293.46,5591
ICECREAM BODY MEDIUM,SRD DOOR FITTINGS,28779 DOOR CAPPING,149.08,122.2,5594
ICECREAM BODY MEDIUM,SRD DOOR FITTINGS,28777 DOOR CAPPING,132.13,108.3,5595
ICECREAM BODY MEDIUM,SRD DOOR FITTINGS,M10*40 GALV. BOLTS,0.5,0.5,5598
ICECREAM BODY MEDIUM,SRD DOOR FITTINGS,M10 SPRING WASHERS,0.1341,0.1341,5599
ICECREAM BODY MEDIUM,SRD DOOR FITTINGS,28781 SMALL HORIZ CAPPING,240.58,197.2,5602
ICECREAM BODY MEDIUM,SRD DOOR FITTINGS,28780 SMALL VERTICAL,203.25,203.25,5603
ICECREAM BODY MEDIUM,SRD DOOR FITTINGS,0661-0631 LONG RIVETS,0.515,0.515,5604
ICECREAM BODY MEDIUM,SRD DOOR FITTINGS,SILPLUS X WHITE SILICONE,116.15,232.3,5605
ICECREAM BODY MEDIUM,SUB FRAME + LIGHT BOX ASSY,100*50*3MM CROSS MEMBER,243.0,243.0,5668
ICECREAM BODY MEDIUM,SUB FRAME + LIGHT BOX ASSY,100*50 RSC BUMPER,167.92,124.68,5676
ICECREAM BODY MEDIUM,SUB FRAME + LIGHT BOX ASSY,40*5MM FAT BAR,37.21,45.3962,5683
ICECREAM BODY MEDIUM,SUB FRAME + LIGHT BOX ASSY,ICB MUDFLAP,384.42,267.08,5686
ICECREAM BODY SMALL,ALUMINIUM,28780 SMALL VERTICAL,203.26,203.25,5798
ICECREAM BODY SMALL,ALUMINIUM,BIG ALU CORNERS,54.9,45.0,5801
ICECREAM BODY SMALL,DRD DOOR FITTINGS,28779 DOOR CAPPING,149.08,149.08,5758
ICECREAM BODY SMALL,DRD DOOR FITTINGS,28777 DOOR CAPPING,132.13,108.3,5759
ICECREAM BODY SMALL,DRD DOOR FITTINGS,M10 SPRING WASHERS,0.2033,0.1341,5763
ICECREAM BODY SMALL,FLOOR,9MM PF PLYWOOD,370.0,446.4,6327
ICECREAM BODY SMALL,REAR FRAME & FLOOR PLATE,3MM 3CR12 REAR FRAME,965.76,524.794,5813
ICECREAM BODY SMALL,REAR FRAME & FLOOR PLATE,TOP FRAME RAIN GUTTER,965.76,365.76,5814
ICECREAM BODY SMALL,REAR FRAME & FLOOR PLATE,SILPLUS X-WHITE,116.15,348.45,5816
ICECREAM BODY SMALL,ROOF,3MM MILD STEEL PLATE,384.42,95.4633,5782
ICECREAM BODY SMALL,SIDES,3MM MILD STEEL PLATE,384.42,95.4633,5775
ICECREAM BODY SMALL,SPRAY PAINTING,PAINTING OF SUB FRAME + REAR FRAME,750.0,750.0,5822
ICECREAM BODY SMALL,SRD DOOR FITTINGS,28779 DOOR CAPPING,149.08,122.2,5733
ICECREAM BODY SMALL,SRD DOOR FITTINGS,28777 DOOR CAPPING,132.13,108.3,5734
ICECREAM BODY SMALL,SRD DOOR FITTINGS,M10 SPRING WASHERS,0.2033,0.1341,5738
ICECREAM BODY SMALL,SRD DOOR FITTINGS,28781 SMALL HORIZ CAPPING,240.58,197.2,5741
ICECREAM BODY SMALL,SRD DOOR FITTINGS,28780 SMALL VERTICAL,203.25,203.25,5742
ICECREAM BODY SMALL,SUB FRAME + LIGHT BOX ASSY,100*50*3MM CROSS MEMBER,665.18,243.0,5803
MEAT HANGER LARGE,ALUMINIUM,28782 BIG HORIZONTALE CAP,242.9,203.25,5933
MEAT HANGER LARGE,ALUMINIUM,28778 BIG VERTICAL,203.25,122.2,5934
MEAT HANGER LARGE,ALUMINIUM,BIG ALU CORNERS,54.9,45.0,5937
MEAT HANGER LARGE,DRD DOOR FITTINGS,28779 DOOR CAPPING,149.08,149.08,5885
MEAT HANGER LARGE,DRD DOOR FITTINGS,28777 DOOR CAPPING,132.13,108.3,5886
MEAT HANGER LARGE,FLOOR,ALU KICK PLATE,496.05,496.05,5929
MEAT HANGER LARGE,FLOOR,2*300 INT LAMINATION,31.94,31.9395,5931
MEAT HANGER LARGE,FLOOR,ANTI-SKID FINAL COAT,32.09,32.0943,5932
MEAT HANGER LARGE,REAR FRAME & FLOOR PLATE,3MM 3CR12 REAR FRAME,965.76,524.794,5961
MEAT HANGER LARGE,REAR FRAME & FLOOR PLATE,TOP FRAME RAIN GUTTER,965.76,365.76,5962
MEAT HANGER LARGE,REAR FRAME & FLOOR PLATE,3MM 3CR12 FLOOR PLATE,965.76,326.427,5963
MEAT HANGER LARGE,REAR FRAME & FLOOR PLATE,SILPLUS X-WHITE,116.15,348.45,5964
MEAT HANGER LARGE,ROOF,3MM MILD STEEL PLATE,384.42,95.4633,5917
MEAT HANGER LARGE,SIDES,3MM MILD STEEL PLATE,384.42,95.4633,5906
MEAT HANGER LARGE,SRD DOOR FITTINGS,28779 DOOR CAPPING,149.08,122.2,5859
MEAT HANGER LARGE,SRD DOOR FITTINGS,28777 DOOR CAPPING,132.13,108.3,5860
MEAT HANGER LARGE,SUB FRAME + LIGHT BOX ASSY,100*50 TAPER CHANNEL,124.68,124.68,5947
MEAT HANGER LARGE,SUB FRAME + LIGHT BOX ASSY,100*100*3 SQ TUBE,167.92,167.92,5948
MEAT HANGER SMALL-MEDIUM,ALUMINIUM,28778 BIG VERTICAL,149.08,122.2,6242
MEAT HANGER SMALL-MEDIUM,ALUMINIUM,BIG ALU CORNERS,54.9,45.0,6245
MEAT HANGER SMALL-MEDIUM,BODY OPTIONS,ROOF EPS,0.0,0.675,6292
MEAT HANGER SMALL-MEDIUM,DRD,EPS,123.6,127.72,6184
MEAT HANGER SMALL-MEDIUM,DRD DOOR FITTINGS,28779 DOOR CAPPING,149.08,149.08,6193
MEAT HANGER SMALL-MEDIUM,DRD DOOR FITTINGS,28777 DOOR CAPPING,132.13,108.3,6194
MEAT HANGER SMALL-MEDIUM,FLOOR,PU,446.02,523.937,6229
MEAT HANGER SMALL-MEDIUM,FLOOR,2*300 INT LAMINATION,31.94,31.9395,6239
MEAT HANGER SMALL-MEDIUM,FLOOR,ANTI-SKID FINAL COAT,32.09,32.0943,6240
MEAT HANGER SMALL-MEDIUM,FRONT,EPS,123.6,127.72,6149
MEAT HANGER SMALL-MEDIUM,REAR FRAME & FLOOR PLATE,TOP FRAME RAIN GUTTER,965.76,365.76,6270
MEAT HANGER SMALL-MEDIUM,REAR FRAME & FLOOR PLATE,3MM 3CR12 FLOOR PLATE,965.76,326.427,6271
MEAT HANGER SMALL-MEDIUM,REAR FRAME & FLOOR PLATE,SILPLUS X-WHITE,116.15,348.45,6272
MEAT HANGER SMALL-MEDIUM,ROOF,3MM MILD STEEL PLATE,384.42,95.4633,6225
MEAT HANGER SMALL-MEDIUM,SIDES,EPS,123.6,127.72,6206
MEAT HANGER SMALL-MEDIUM,SIDES,3MM MILD STEEL PLATE,384.42,95.4633,6214
MEAT HANGER SMALL-MEDIUM,SRD DOOR FITTINGS,28779 DOOR CAPPING,149.08,122.2,6167
MEAT HANGER SMALL-MEDIUM,SRD DOOR FITTINGS,28777 DOOR CAPPING,132.13,108.3,6168
MEAT HANGER SMALL-MEDIUM,SUB FRAME + LIGHT BOX ASSY,5MM LARGE BOX MOUNTING,86.45,86.4522,6248
MEAT HANGER SMALL-MEDIUM,SUB FRAME + LIGHT BOX ASSY,5MM SMALL BOX MOUNTING,37.37,37.3725,6249
MEAT HANGER SMALL-MEDIUM,SUB FRAME + LIGHT BOX ASSY,100*50 TAPER CHANNEL,124.68,124.68,6255
MEAT HANGER SMALL-MEDIUM,SUB FRAME + LIGHT BOX ASSY,100*100*3 SQ TUBE,167.92,167.92,6256
RHINORANGE TRAILER,ALUMINIUM,28782 BIG HORIZONTALE CAP,242.9,203.25,1866
RHINORANGE TRAILER,ALUMINIUM,28778 BIG VERTICAL,181.78,149.0,1867
RHINORANGE TRAILER,ALUMINIUM,BIG ALU CORNERS,54.9,45.0,1870
RHINORANGE TRAILER,DRD DOOR FITTINGS,28779 DOOR CAPPING,149.08,149.08,1816
RHINORANGE TRAILER,DRD DOOR FITTINGS,28777 DOOR CAPPING,132.13,108.3,1817
RHINORANGE TRAILER,DRD DOOR FITTINGS,M10 SPRING WASHERS,0.14,0.1341,1821
RHINORANGE TRAILER,FLOOR,RICE GRAIN FLOOR,24356.2,24356.25,1858
RHINORANGE TRAILER,FLOOR,ALU KICK PLATES,496.05,406.6,1859
RHINORANGE TRAILER,INT FALSE BULKHEAD,3MM ALU PLATE,2848.34,2354.0,1803
RHINORANGE TRAILER,REAR FRAME & FLOOR PLATE,3MM 3CR12 REAR FRAME,965.56,524.794,1872
RHINORANGE TRAILER,REAR FRAME & FLOOR PLATE,TOP FRAME RAIN GUTTER,965.56,365.76,1873
RHINORANGE TRAILER,REAR FRAME & FLOOR PLATE,3MM 3CR12 FLOOR PLATE,3018.0,326.427,1874
RHINORANGE TRAILER,REAR FRAME & FLOOR PLATE,SILPLUS X-WHITE,116.15,348.45,1875
RHINORANGE TRAILER,REAR FRAME & FLOOR PLATE,M8*45*3 FENDER WASHER,1.48,0.2124,1877
RHINORANGE TRAILER,REAR FRAME & FLOOR PLATE,M8 NYLOCK NUT,0.74,0.3352,1878
RHINORANGE TRAILER,ROOF,3MM MILD STEEL PLATE,384.42,95.4633,1844
RHINORANGE TRAILER,SIDES,3MM MILD STEEL PLATE,384.42,95.4633,1836
RHINORANGE TRAILER,SPRAY PAINTING,PAINTING OF SUB FRAME + REAR FRAME,750.0,750.0,1881
RIGID DRY FREIGHT,24MM WISA TRANS FLOOR,4 MM BEND UP SUB FRAME,243.0,3523.5,6771
RIGID DRY FREIGHT,24MM WISA TRANS FLOOR,80*50*3 CROSSMEMBERS,124.68,8891.12,6772
RIGID DRY FREIGHT,24MM WISA TRANS FLOOR,18MM WISA TRANS FLOOR,1450.0,1450.0,6773
RIGID DRY FREIGHT,24MM WISA TRANS FLOOR,24 MM WISA TRANS FLOOR,4195.0,24929.3,6774
RIGID DRY FREIGHT,24MM WISA TRANS FLOOR,3MM GUSSETS,384.416,126.857,6775
RIGID DRY FREIGHT,24MM WISA TRANS FLOOR,GRP SKIN,142.0,142.0,6776
RIGID DRY FREIGHT,24MM WISA TRANS FLOOR,GLUE,28.5833,28.5833,6777
RIGID DRY FREIGHT,24MM WISA TRANS FLOOR,ALU FLOOR 54199,106.14,87.0,6778
RIGID DRY FREIGHT,24MM WISA TRANS FLOOR,RICE GRAIN ALU FLOOR,54.9,24356.25,6779
RIGID DRY FREIGHT,24MM WISA TRANS FLOOR,1ST ROW ALU KICK PLATE,93.33,76.5,6780
RIGID DRY FREIGHT,24MM WISA TRANS FLOOR,2ND ROW ALU KICK PLATE,93.33,76.5,6781
RIGID DRY FREIGHT,2MM 3CR12 KICK PLATES,2 mm 3 CR 12 plate,192.0,3264.0,6821
RIGID DRY FREIGHT,2MM 3CR12 KICK PLATES,SILICONE,116.15,116.15,6822
RIGID DRY FREIGHT,2MM 3CR12 KICK PLATES,RIVETS,0.2798,0.515,6823
RIGID DRY FREIGHT,2MM 3CR12 S/STEEL FLOOR,5MM BEND UP SUB FRAME,243.0,3523.5,6751
RIGID DRY FREIGHT,2MM 3CR12 S/STEEL FLOOR,80*50*3 CROSSMEMEBERS,124.68,8891.12,6752
RIGID DRY FREIGHT,2MM 3CR12 S/STEEL FLOOR,2MM PLATE,2765.0,13364.2,6753
RIGID DRY FREIGHT,2MM 3CR12 S/STEEL FLOOR,3MM GUSSETS,384.416,126.857,6754
RIGID DRY FREIGHT,3MM 3CR12 KICK PLATES,3 mm 3 CR 12 plate,482.778,8207.22,6824
RIGID DRY FREIGHT,3MM 3CR12 KICK PLATES,SILICONE,116.15,116.15,6825
RIGID DRY FREIGHT,3MM 3CR12 KICK PLATES,RIVETS,0.2798,0.515,6826
RIGID DRY FREIGHT,3MM 3CR12 S/STEEL FLOOR,4 MM BEND UP SUB FRAME,243.0,3523.5,6755
RIGID DRY FREIGHT,3MM 3CR12 S/STEEL FLOOR,80*50*3 CROSSMEMBERS,124.68,8891.12,6756
RIGID DRY FREIGHT,3MM 3CR12 S/STEEL FLOOR,3MM PLATE,4345.0,21000.8,6757
RIGID DRY FREIGHT,3MM 3CR12 S/STEEL FLOOR,3MM GUSSETS,384.416,126.857,6758
RIGID DRY FREIGHT,3MM MILD STEEL FLOOR,4 MM BEND UP SUB FRAME,243.0,3523.5,6759
RIGID DRY FREIGHT,3MM MILD STEEL FLOOR,80*50*3 CROSSMEMBERS,124.68,8891.12,6760
RIGID DRY FREIGHT,3MM MILD STEEL FLOOR,3MM PLATE,1145.56,21000.8,6761
RIGID DRY FREIGHT,3MM MILD STEEL FLOOR,3MM GUSSETS,384.416,126.857,6762
RIGID DRY FREIGHT,4MM MILD STEEL FLOOR,4 MM BEND UP SUB FRAME,243.0,3523.5,6763
RIGID DRY FREIGHT,4MM MILD STEEL FLOOR,80*50*3 CROSSMEMBERS,124.68,8891.12,6764
RIGID DRY FREIGHT,4MM MILD STEEL FLOOR,4MM PLATE,2326.21,2326.21,6765
RIGID DRY FREIGHT,4MM MILD STEEL FLOOR,3MM GUSSETS,384.416,126.857,6766
RIGID DRY FREIGHT,5MM 300 WA PLATE,4 MM BEND UP SUB FRAME,243.0,3523.5,6767
RIGID DRY FREIGHT,5MM 300 WA PLATE,80*50*3 CROSSMEMBERS,124.68,8891.12,6768
RIGID DRY FREIGHT,5MM 300 WA PLATE,5MM PLATE,3046.86,14726.5,6769
RIGID DRY FREIGHT,5MM 300 WA PLATE,3MM GUSSETS,384.416,126.857,6770
RIGID DRY FREIGHT,ALUMINIUM,SMALL HORIZONTALE,203.25,166.6,6782
RIGID DRY FREIGHT,ALUMINIUM,SMALL VERTICAL,149.08,805.032,6783
RIGID DRY FREIGHT,ALUMINIUM,0661-0631 RIVETS,0.515,360.5,6784
RIGID DRY FREIGHT,ALUMINIUM,SILPLUS X-WHITE,116.15,116.15,6785
RIGID DRY FREIGHT,ALUMINIUM,SMALL ALU CORNERS,54.9,45.0,6786
RIGID DRY FREIGHT,ALUMINIUM,M10*40 CUP SQ BOLTS,1.5,43.0909,6787
RIGID DRY FREIGHT,ALUMINIUM,M10 NYLOCK NUT,0.7374,0.74,6788
RIGID DRY FREIGHT,BODY OPTIONS,INTERIOR LIGHTS,140.0,140.0,6820
RIGID DRY FREIGHT,DRD,GLUE LINE,28.5833,28.58,6682
RIGID DRY FREIGHT,DRD,20MM EPS,41.2,35.3662,6683
RIGID DRY FREIGHT,DRD,80DV URETHANE,228.654,228.654,6684
RIGID DRY FREIGHT,DRD,GLUE LINE,28.5833,28.58,6685
RIGID DRY FREIGHT,DRD,GLUE LINE,28.5833,28.58,6687
RIGID DRY FREIGHT,DRD DOOR FITTINGS,CSLB HINGES,146.73,146.73,6691
RIGID DRY FREIGHT,DRD DOOR FITTINGS,SB 51111 DOOR SET,506.91,506.91,6692
RIGID DRY FREIGHT,DRD DOOR FITTINGS,34MM LOCKING POLE,42.0,252.0,6693
RIGID DRY FREIGHT,DRD DOOR FITTINGS,30258 NEW DOOR CAPPING,106.14,87.0,6694
RIGID DRY FREIGHT,DRD DOOR FITTINGS,30258 NEW DOOR CAPPING,106.14,87.0,6695
RIGID DRY FREIGHT,DRD DOOR FITTINGS,2316 INNER DOOR RUBBER,24.72,391.812,6696
RIGID DRY FREIGHT,DRD DOOR FITTINGS,2317 OUTER DOOR RUBBER,60.18,953.853,6697
RIGID DRY FREIGHT,DRD DOOR FITTINGS,M10*45 *3 FENDER WASHER,1.4749,58.996,6698
RIGID DRY FREIGHT,DRD DOOR FITTINGS,M 10 NYLOCK NUT,0.7374,29.496,6699
RIGID DRY FREIGHT,DRD DOOR FITTINGS,0661-0631 LONG RIVETS,0.515,0.515,6700
RIGID DRY FREIGHT,DRD DOOR FITTINGS,SILPLUS X WHITE SILICONE,116.15,116.15,6701
RIGID DRY FREIGHT,DRD DOOR FITTINGS,T-BAR CATCH,56.0,56.0,6703
RIGID DRY FREIGHT,FRONT,GLUE LINE,28.5833,28.58,6672
RIGID DRY FREIGHT,FRONT,20MM EPS,41.2,35.3662,6673
RIGID DRY FREIGHT,FRONT,80 DV UNRETHANE,228.654,228.654,6674
RIGID DRY FREIGHT,FRONT,GLUE LINE,28.5833,28.58,6675
RIGID DRY FREIGHT,FRONT,GLUE LINE,28.5833,28.58,6677
RIGID DRY FREIGHT,LOAD LOCK RAILS,"120*1,2 MM GLAV BACKING PLATE",89.633,89.633,6814
RIGID DRY FREIGHT,LOAD LOCK RAILS,LOAD LOCK RAIL,70.0,1008.0,6815
RIGID DRY FREIGHT,LOAD LOCK RAILS,RIVETS BACKING PLATE,0.2798,40.2912,6816
RIGID DRY FREIGHT,LOAD LOCK RAILS,RIVETS LOAD LOCK RAIL,0.2798,13.4304,6817
RIGID DRY FREIGHT,REAR FRAME & FLOOR PLATE,3MM 3CR12 REAR FRAME,965.76,524.794,6808
RIGID DRY FREIGHT,REAR FRAME & FLOOR PLATE,TOP FRAME RAIN GUTTER,965.76,365.76,6809
RIGID DRY FREIGHT,REAR FRAME & FLOOR PLATE,3MM 3CR12 FLOOR PLATE,965.76,326.427,6810
RIGID DRY FREIGHT,REAR FRAME & FLOOR PLATE,SILPLUS X-WHITE,116.15,116.15,6811
RIGID DRY FREIGHT,REAR FRAME & FLOOR PLATE,2771-0824 MONOBOLTS,3.649,3.65,6813
RIGID DRY FREIGHT,REFLEXITE TAPE,TAPE,18.0,306.0,6807
RIGID DRY FREIGHT,ROOF,GLUE LINE,28.5833,28.58,6745
RIGID DRY FREIGHT,ROOF,45MM EPS,92.7,79.5739,6746
RIGID DRY FREIGHT,ROOF,80 DV URETHANE,411.578,228.654,6747
RIGID DRY FREIGHT,ROOF,GLUE LINE,28.5833,28.58,6748
RIGID DRY FREIGHT,SIDES,GLUE LINE,28.5833,28.58,6735
RIGID DRY FREIGHT,SIDES,20MM EPS,41.2,35.3662,6736
RIGID DRY FREIGHT,SIDES,80 DV URETHANE,228.654,228.654,6737
RIGID DRY FREIGHT,SIDES,GLUE LINE,28.5833,28.58,6738
RIGID DRY FREIGHT,SIDES,GLUE LINE,28.5833,28.58,6740
RIGID DRY FREIGHT,SRD,GLUE LINE,28.5833,28.58,6706
RIGID DRY FREIGHT,SRD,20MM EPS,41.2,35.3662,6707
RIGID DRY FREIGHT,SRD,80 DV URETHANE,228.654,228.654,6708
RIGID DRY FREIGHT,SRD,GLUE LINE,28.5833,28.58,6709
RIGID DRY FREIGHT,SRD,GLUE LINE,28.5833,28.58,6711
RIGID DRY FREIGHT,SRD,19MM PHONE BONDED PLYWOOD,316.779,316.779,6712
RIGID DRY FREIGHT,SRD DOOR FITTINGS,CSLB HINGES,146.73,146.73,6715
RIGID DRY FREIGHT,SRD DOOR FITTINGS,SB 51111 DOOR SET,506.91,506.91,6716
RIGID DRY FREIGHT,SRD DOOR FITTINGS,34MM LOCKING POLE,42.0,252.0,6717
RIGID DRY FREIGHT,SRD DOOR FITTINGS,28777 DOOR CAPPING,106.14,108.3,6718
RIGID DRY FREIGHT,SRD DOOR FITTINGS,30258 NEW DOOR CAPPING,106.14,87.0,6719
RIGID DRY FREIGHT,SRD DOOR FITTINGS,2136 INNER DOOR RUBBER,24.72,180.456,6720
RIGID DRY FREIGHT,SRD DOOR FITTINGS,2317 OUTER DOOR RUBBER,60.18,953.853,6721
RIGID DRY FREIGHT,SRD DOOR FITTINGS,M10*40 GALV. BOLTS,0.5,0.5,6722
RIGID DRY FREIGHT,SRD DOOR FITTINGS,M10 SPRING WASHERS,0.1341,0.1341,6723
RIGID DRY FREIGHT,SRD DOOR FITTINGS,0661-0631 LONG RIVETS,0.515,0.515,6724
RIGID DRY FREIGHT,SRD DOOR FITTINGS,SILPLUS X WHITE SILICONE,116.15,116.15,6725
RIGID DRY FREIGHT,SRD DOOR FITTINGS,SMALL HORIZONTAL,181.78,197.2,6726
RIGID DRY FREIGHT,SRD DOOR FITTINGS,SMALL VERTICAL,149.08,805.032,6727
RIGID DRY FREIGHT,SRD DOOR FITTINGS,SMALL ALU CORNERS,54.9,45.0,6728
RIGID DRY FREIGHT,SRD DOOR FITTINGS,SILICONE,116.15,116.15,6729
RIGID DRY FREIGHT,SRD DOOR FITTINGS,0661-0631 LONG RIVETS,0.515,0.515,6730
RIGID DRY FREIGHT,SRD DOOR FITTINGS,T-BAR CATCH,56.0,56.0,6732
RIGID DRY FREIGHT,SUB FRAME + LIGHT BOX ASSY,3MM LIGHT BOX,384.416,384.42,6793
RIGID DRY FREIGHT,SUB FRAME + LIGHT BOX ASSY,100*50 TAPER CHANNEL,124.68,124.68,6794
RIGID DRY FREIGHT,SUB FRAME + LIGHT BOX ASSY,100*100*3 SQ TUBE,167.92,167.92,6795
RIGID DRY FREIGHT,SUB FRAME + LIGHT BOX ASSY,2MM CHEVRON PLATE,260.681,260.68,6796
RIGID DRY FREIGHT,SUB FRAME + LIGHT BOX ASSY,1.7 MTR CHEVRON BOARD,165.0,165.0,6797
RIGID DRY FREIGHT,SUB FRAME + LIGHT BOX ASSY,115MM RED TRUCK LIGHTS,115.0,115.0,6798
RIGID DRY FREIGHT,SUB FRAME + LIGHT BOX ASSY,115MM AMBER TRUCK LIGHTS,115.0,115.0,6799
RIGID DRY FREIGHT,SUB FRAME + LIGHT BOX ASSY,CROME NO.PLATE LIGHTS,50.0,50.0,6800
RIGID DRY FREIGHT,SUB FRAME + LIGHT BOX ASSY,3MM MUD FLAP PLATES,384.416,384.42,6801
RIGID DRY FREIGHT,SUB FRAME + LIGHT BOX ASSY,40*5MM FAT BAR,37.21,45.3962,6802
RIGID DRY FREIGHT,SUB FRAME + LIGHT BOX ASSY,M10*30 GALV BOLTS,0.5,0.5,6803
RIGID DRY FREIGHT,SUB FRAME + LIGHT BOX ASSY,M10 NYLOCK NUT,0.7374,0.74,6804
RIGID DRY FREIGHT,SUB FRAME + LIGHT BOX ASSY,ICB MUDFLAP,267.08,267.08,6805
RIGID DRY FREIGHT,SUB FRAME + LIGHT BOX ASSY,0661-0631 RIVETS,0.515,360.5,6806
RIGID DRY FREIGHT,TOPHAT SECTON,2MM 3 CR12 PLATE,128.0,1843.2,6818
RIGID DRY FREIGHT,TOPHAT SECTON,RIVETS,0.2798,0.515,6819
