calc_id,quote_number,trailer_id,body,length,width,height,srd,created_at,status,approved_at,pre_job_sent_at,job_number_assigned,deleted_at,is_repair,srd_pu_formula,srd_pu_qty,srd_pu_unit_price,srd_pu_line_cost,srd_pu_thickness,alu_floor_cost,f3_lines,f3_lines_cost,f4_2317_door_rubber,cost_total,selling_price,margin_pct,ratio
37,A9929/07/2026,26,CHILLER MEDIUM,2.3,1.8,1.6,f,2026-07-05 11:29:24.183571,accepted,2026-07-05 11:45:10.781986,,,,f,,,,,0.0,,0,,0.0 x 60.18,51986.12,103972.25,5.0,0.525
45,N9937/07/2026,26,CHILLER MEDIUM,5.2,2.4,2.4,f,2026-07-14 18:39:40.458705,pending,,,,,f,,,,,0.0,,0,,0.0 x 60.18,85231.3,162714.29,5.0,0.55
53,N9945/07/2026,17,ICECREAM BODY MEDIUM,5.3,2.3,2.3,t,2026-07-15 15:22:04.149251,pending,,,,,f,2.44*1.22*2,5.9536,516.64,3075.87,0.12,0.0,0,,,107719.26,205645.85,5.0,0.55
54,N9946/07/2026,18,ICECREAM BODY LARGE,6.7,2.6,2.6,f,2026-07-15 15:22:55.636937,pending,,,,,f,,,,,0.0,0.0,20,81610.09,,139439.35,266202.4,5.0,0.55
55,N9947/07/2026,17,ICECREAM BODY MEDIUM,5.5,2.5,2.3,t,2026-07-15 15:24:38.523615,pending,,,,,f,2.44*1.22*2,5.9536,516.64,3075.87,0.12,0.0,0,,,113160.28,216033.25,5.0,0.55
60,N9952/07/2026,26,CHILLER MEDIUM,3.2,2,2,f,2026-07-24 10:31:36.088591,pending,,,,,f,,,,,0.0,,0,,0.0 x 60.18,54713.5,104453.05,5.0,0.55
66,N9958/08/2026,26,CHILLER MEDIUM,4.2,2.3,2.2,f,2026-08-12 14:15:17.388307,pending,,,,,f,,,,,0.0,,0,,10.874 x 60.18,71612.28,136714.35,5.0,0.55
75,A9967/08/2026,26,CHILLER MEDIUM,3.2,2,2,f,2026-08-17 16:03:02.92614,pending,,,,,f,,,,,0.0,,0,,9.674 x 60.18,52859.84,100914.24,5.0,0.55
89,N9981/08/2026,17,ICECREAM BODY MEDIUM,4.2,2.3,2.3,t,2026-08-31 10:05:38.371482,pending,,,,,f,2.44*1.22*2,5.9536,516.64,3075.87,0.12,0.0,0,,,94066.64,179581.76,5.0,0.55
90,N9982/08/2026,18,ICECREAM BODY LARGE,6.8,2.6,2.6,f,2026-08-31 10:09:17.884438,pending,,,,,f,,,,,0.0,0.0,15,60044.98,,143476.82,273910.29,5.0,0.55
91,N9983/08/2026,18,ICECREAM BODY LARGE,6.8,2.6,2.6,t,2026-08-31 10:10:21.511409,pending,,,,,f,1.22*2.44*2,5.9536,461.264,2746.18,0.12,0.0,15,60044.98,,148608.16,283706.49,5.0,0.55
94,A9986/09/2026,26,CHILLER MEDIUM,5.8,2.5,2.56,f,2026-09-07 13:26:22.517777,pending,,,,,f,,,,,0.0,,0,,12.354 x 60.18,88685.87,169309.38,5.0,0.55
98,A9990/09/2026,26,CHILLER MEDIUM,5.2,2.3,2.36,f,2026-09-09 14:29:52.31139,pending,,,,2026-09-17 08:26:29.817182+02,f,,,,,0.0,,0,,11.93 x 60.18,79772.4,152292.76,5.0,0.55
100,A9992/09/2026,17,ICECREAM BODY MEDIUM,4.2,2.1,2.1,t,2026-09-09 14:33:38.318624,pending,,,,2026-09-17 08:25:29.108621+02,f,(1.22*2.44*{SRD PU}/2.98)*(1.22*2.44)*2,0.3568,4100.0,1463.01,0.06,0.0,0,,,87987.59,167976.31,5.0,0.55
101,A9993/09/2026,26,CHILLER MEDIUM,5.2,2.4,2.36,f,2026-09-09 14:36:07.059616,pending,,,,2026-09-17 08:25:57.527316+02,f,,,,,0.0,,0,,11.782 x 60.18,103734.54,198038.67,5.0,0.55
108,A10000/09/2026,26,CHILLER MEDIUM,5.2,2.3,2.4,f,2026-09-16 08:47:33.567598,pending,,,,,f,,,,,0.0,,0,,11.474 x 60.18,78158.8,149212.25,5.0,0.55
121,O10013/09/2026,26,CHILLER MEDIUM,5.5,2.3,2.26,f,2026-09-28 08:47:59.868178,pending,,,,,f,,,,,0.0,,0,,0.0 x 60.18,78108.39,149116.02,5.0,0.55
