scenario_id,sheet,trailer_id,trailer_name,variant,length,width,height,section_excel,section_mes,excel_total,mes_total,variance_pct,status,reason,likely_cause,accepted_reason
UP_TO_5.5_CHILLER_AND_2.~L4.2~W2.3~H2.3~as_sheet,UP TO 5.5 CHILLER AND 2.3 WIDE,26,CHILLER MEDIUM,as_sheet,4.2,2.3,2.3,FRONT,FRONT,4250.996789,4266.89,0.374,PASS,,,
UP_TO_5.5_CHILLER_AND_2.~L4.2~W2.3~H2.3~as_sheet,UP TO 5.5 CHILLER AND 2.3 WIDE,26,CHILLER MEDIUM,as_sheet,4.2,2.3,2.3,SRD,,0.0,,,SKIP,,,
UP_TO_5.5_CHILLER_AND_2.~L4.2~W2.3~H2.3~as_sheet,UP TO 5.5 CHILLER AND 2.3 WIDE,26,CHILLER MEDIUM,as_sheet,4.2,2.3,2.3,SRD DOOR FITTINGS,,0.0,,,SKIP,,,
UP_TO_5.5_CHILLER_AND_2.~L4.2~W2.3~H2.3~as_sheet,UP TO 5.5 CHILLER AND 2.3 WIDE,26,CHILLER MEDIUM,as_sheet,4.2,2.3,2.3,DRD,DRD,4550.659701,4430.76,2.635,ACCEPTED,,GROUP_DIFF 130*62MM TAPPING BLOCKS ~ 2 MES line(s) (-120.00),"[DATA] 130*62MM TAPPING BLOCKS: Excel 2 x R234 per size (R936 a double door) vs MES 6 x R68 per size (R816): R60 per size, 1-3 % of the door section."
UP_TO_5.5_CHILLER_AND_2.~L4.2~W2.3~H2.3~as_sheet,UP TO 5.5 CHILLER AND 2.3 WIDE,26,CHILLER MEDIUM,as_sheet,4.2,2.3,2.3,DRD DOOR FITTINGS,DRD DOOR FITTINGS,5450.13694,5450.14,0.0,PASS,,,
UP_TO_5.5_CHILLER_AND_2.~L4.2~W2.3~H2.3~as_sheet,UP TO 5.5 CHILLER AND 2.3 WIDE,26,CHILLER MEDIUM,as_sheet,4.2,2.3,2.3,SIDES,SIDES,14569.478233,14544.93,0.168,PASS,,,
UP_TO_5.5_CHILLER_AND_2.~L4.2~W2.3~H2.3~as_sheet,UP TO 5.5 CHILLER AND 2.3 WIDE,26,CHILLER MEDIUM,as_sheet,4.2,2.3,2.3,ROOF,ROOF,7169.485013,7169.42,0.001,PASS,,,
UP_TO_5.5_CHILLER_AND_2.~L4.2~W2.3~H2.3~as_sheet,UP TO 5.5 CHILLER AND 2.3 WIDE,26,CHILLER MEDIUM,as_sheet,4.2,2.3,2.3,FLOOR,FLOOR,12964.302571,12964.3,0.0,PASS,,,
UP_TO_5.5_CHILLER_AND_2.~L4.2~W2.3~H2.3~as_sheet,UP TO 5.5 CHILLER AND 2.3 WIDE,26,CHILLER MEDIUM,as_sheet,4.2,2.3,2.3,ALUMINIUM,ALUMINIUM,6429.821,6429.82,0.0,PASS,,,
UP_TO_5.5_CHILLER_AND_2.~L4.2~W2.3~H2.3~as_sheet,UP TO 5.5 CHILLER AND 2.3 WIDE,26,CHILLER MEDIUM,as_sheet,4.2,2.3,2.3,SUB FRAME + LIGHT BOX ASSY,SUB FRAME + LIGHT BOX ASSY,7474.516432,7684.31,2.807,ACCEPTED,,EXTRA_IN_MES 1.2MM GALV PLATE (+449.52),[DATA] MES prices 1.2MM GALV PLATE R449.52 where Excel prices 1MM GALV PLATE R239.72.
UP_TO_5.5_CHILLER_AND_2.~L4.2~W2.3~H2.3~as_sheet,UP TO 5.5 CHILLER AND 2.3 WIDE,26,CHILLER MEDIUM,as_sheet,4.2,2.3,2.3,REAR FRAME + FLOOR PLATE,REAR FRAME & FLOOR PLATE,3129.9508,3129.75,0.006,PASS,,,
UP_TO_5.5_CHILLER_AND_2.~L4.2~W2.3~H2.3~as_sheet,UP TO 5.5 CHILLER AND 2.3 WIDE,26,CHILLER MEDIUM,as_sheet,4.2,2.3,2.3,SPRAY PAINTING,SPRAY PAINTING,750.0,750.0,0.0,PASS,,,
UP_TO_5.5_CHILLER_AND_2.~L4.2~W2.3~H2.3~as_sheet,UP TO 5.5 CHILLER AND 2.3 WIDE,26,CHILLER MEDIUM,as_sheet,4.2,2.3,2.3,REFLEXITE TAPE,REFLEXITE TAPE,192.6,192.6,0.0,PASS,,,
UP_TO_5.5_CHILLER_AND_2.~L4.2~W2.3~H2.3~all_pu,UP TO 5.5 CHILLER AND 2.3 WIDE,26,CHILLER MEDIUM,all_pu,4.2,2.3,2.3,FRONT,FRONT,4852.924509,3676.99,24.231,ACCEPTED,,QTY_DIFF PU (-1102.61) [ZERO_FORMULA],"[MES] chiller PU insulation lines carry a literal x0 quantity formula (2.44*1.22*0*2, 1.22*2.44*0*(length+{Waste})/1.22): PU prices at R0 on FRONT/SIDES/ROOF/FLOOR (ZERO_FORMULA); the icecream/freezer bodies use {PANEL PU} tokens and price live. SIDES/ROOF/FLOOR skins also hard-code both roof and floor deductions where Burt's cells deduct only the roof under PU."
UP_TO_5.5_CHILLER_AND_2.~L4.2~W2.3~H2.3~all_pu,UP TO 5.5 CHILLER AND 2.3 WIDE,26,CHILLER MEDIUM,all_pu,4.2,2.3,2.3,SRD,,0.0,,,SKIP,,,
UP_TO_5.5_CHILLER_AND_2.~L4.2~W2.3~H2.3~all_pu,UP TO 5.5 CHILLER AND 2.3 WIDE,26,CHILLER MEDIUM,all_pu,4.2,2.3,2.3,SRD DOOR FITTINGS,,0.0,,,SKIP,,,
UP_TO_5.5_CHILLER_AND_2.~L4.2~W2.3~H2.3~all_pu,UP TO 5.5 CHILLER AND 2.3 WIDE,26,CHILLER MEDIUM,all_pu,4.2,2.3,2.3,DRD,DRD,5113.158748,4927.59,3.629,ACCEPTED,,GROUP_DIFF 130*62MM TAPPING BLOCKS ~ 2 MES line(s) (-120.00),"[DATA] 130*62MM TAPPING BLOCKS: Excel 2 x R234 per size (R936 a double door) vs MES 6 x R68 per size (R816): R60 per size, 1-3 % of the door section."
UP_TO_5.5_CHILLER_AND_2.~L4.2~W2.3~H2.3~all_pu,UP TO 5.5 CHILLER AND 2.3 WIDE,26,CHILLER MEDIUM,all_pu,4.2,2.3,2.3,DRD DOOR FITTINGS,DRD DOOR FITTINGS,5513.52626,5503.48,0.182,PASS,,,
UP_TO_5.5_CHILLER_AND_2.~L4.2~W2.3~H2.3~all_pu,UP TO 5.5 CHILLER AND 2.3 WIDE,26,CHILLER MEDIUM,all_pu,4.2,2.3,2.3,SIDES,SIDES,16417.093605,12158.74,25.939,ACCEPTED,,BOTH PU (-3841.07) [ZERO_FORMULA],"[MES] chiller PU insulation lines carry a literal x0 quantity formula (2.44*1.22*0*2, 1.22*2.44*0*(length+{Waste})/1.22): PU prices at R0 on FRONT/SIDES/ROOF/FLOOR (ZERO_FORMULA); the icecream/freezer bodies use {PANEL PU} tokens and price live. SIDES/ROOF/FLOOR skins also hard-code both roof and floor deductions where Burt's cells deduct only the roof under PU."
UP_TO_5.5_CHILLER_AND_2.~L4.2~W2.3~H2.3~all_pu,UP TO 5.5 CHILLER AND 2.3 WIDE,26,CHILLER MEDIUM,all_pu,4.2,2.3,2.3,ROOF,ROOF,8038.517735,5605.77,30.264,ACCEPTED,,BOTH PU (-2432.68) [ZERO_FORMULA],"[MES] chiller PU insulation lines carry a literal x0 quantity formula (2.44*1.22*0*2, 1.22*2.44*0*(length+{Waste})/1.22): PU prices at R0 on FRONT/SIDES/ROOF/FLOOR (ZERO_FORMULA); the icecream/freezer bodies use {PANEL PU} tokens and price live. SIDES/ROOF/FLOOR skins also hard-code both roof and floor deductions where Burt's cells deduct only the roof under PU."
UP_TO_5.5_CHILLER_AND_2.~L4.2~W2.3~H2.3~all_pu,UP TO 5.5 CHILLER AND 2.3 WIDE,26,CHILLER MEDIUM,all_pu,4.2,2.3,2.3,FLOOR,FLOOR,13833.335294,11400.66,17.586,ACCEPTED,,BOTH PU (-2432.68) [ZERO_FORMULA],"[MES] chiller PU insulation lines carry a literal x0 quantity formula (2.44*1.22*0*2, 1.22*2.44*0*(length+{Waste})/1.22): PU prices at R0 on FRONT/SIDES/ROOF/FLOOR (ZERO_FORMULA); the icecream/freezer bodies use {PANEL PU} tokens and price live. SIDES/ROOF/FLOOR skins also hard-code both roof and floor deductions where Burt's cells deduct only the roof under PU."
UP_TO_5.5_CHILLER_AND_2.~L4.2~W2.3~H2.3~all_pu,UP TO 5.5 CHILLER AND 2.3 WIDE,26,CHILLER MEDIUM,all_pu,4.2,2.3,2.3,ALUMINIUM,ALUMINIUM,6429.821,6429.82,0.0,PASS,,,
UP_TO_5.5_CHILLER_AND_2.~L4.2~W2.3~H2.3~all_pu,UP TO 5.5 CHILLER AND 2.3 WIDE,26,CHILLER MEDIUM,all_pu,4.2,2.3,2.3,SUB FRAME + LIGHT BOX ASSY,SUB FRAME + LIGHT BOX ASSY,7474.516432,7684.31,2.807,ACCEPTED,,EXTRA_IN_MES 1.2MM GALV PLATE (+449.52),[DATA] MES prices 1.2MM GALV PLATE R449.52 where Excel prices 1MM GALV PLATE R239.72.
UP_TO_5.5_CHILLER_AND_2.~L4.2~W2.3~H2.3~all_pu,UP TO 5.5 CHILLER AND 2.3 WIDE,26,CHILLER MEDIUM,all_pu,4.2,2.3,2.3,REAR FRAME + FLOOR PLATE,REAR FRAME & FLOOR PLATE,3129.9508,3129.75,0.006,PASS,,,
UP_TO_5.5_CHILLER_AND_2.~L4.2~W2.3~H2.3~all_pu,UP TO 5.5 CHILLER AND 2.3 WIDE,26,CHILLER MEDIUM,all_pu,4.2,2.3,2.3,SPRAY PAINTING,SPRAY PAINTING,750.0,750.0,0.0,PASS,,,
UP_TO_5.5_CHILLER_AND_2.~L4.2~W2.3~H2.3~all_pu,UP TO 5.5 CHILLER AND 2.3 WIDE,26,CHILLER MEDIUM,all_pu,4.2,2.3,2.3,REFLEXITE TAPE,REFLEXITE TAPE,192.6,192.6,0.0,PASS,,,
UP_TO_5.5_CHILLER_AND_2.~L5.5~W2.3~H2.3~as_sheet,UP TO 5.5 CHILLER AND 2.3 WIDE,26,CHILLER MEDIUM,as_sheet,5.5,2.3,2.3,FRONT,FRONT,4250.996789,4266.89,0.374,PASS,,,
UP_TO_5.5_CHILLER_AND_2.~L5.5~W2.3~H2.3~as_sheet,UP TO 5.5 CHILLER AND 2.3 WIDE,26,CHILLER MEDIUM,as_sheet,5.5,2.3,2.3,SRD,,0.0,,,SKIP,,,
UP_TO_5.5_CHILLER_AND_2.~L5.5~W2.3~H2.3~as_sheet,UP TO 5.5 CHILLER AND 2.3 WIDE,26,CHILLER MEDIUM,as_sheet,5.5,2.3,2.3,SRD DOOR FITTINGS,,0.0,,,SKIP,,,
UP_TO_5.5_CHILLER_AND_2.~L5.5~W2.3~H2.3~as_sheet,UP TO 5.5 CHILLER AND 2.3 WIDE,26,CHILLER MEDIUM,as_sheet,5.5,2.3,2.3,DRD,DRD,4550.659701,4430.76,2.635,ACCEPTED,,GROUP_DIFF 130*62MM TAPPING BLOCKS ~ 2 MES line(s) (-120.00),"[DATA] 130*62MM TAPPING BLOCKS: Excel 2 x R234 per size (R936 a double door) vs MES 6 x R68 per size (R816): R60 per size, 1-3 % of the door section."
UP_TO_5.5_CHILLER_AND_2.~L5.5~W2.3~H2.3~as_sheet,UP TO 5.5 CHILLER AND 2.3 WIDE,26,CHILLER MEDIUM,as_sheet,5.5,2.3,2.3,DRD DOOR FITTINGS,DRD DOOR FITTINGS,5450.13694,5450.14,0.0,PASS,,,
UP_TO_5.5_CHILLER_AND_2.~L5.5~W2.3~H2.3~as_sheet,UP TO 5.5 CHILLER AND 2.3 WIDE,26,CHILLER MEDIUM,as_sheet,5.5,2.3,2.3,SIDES,SIDES,18867.348279,18837.9,0.156,PASS,,,
UP_TO_5.5_CHILLER_AND_2.~L5.5~W2.3~H2.3~as_sheet,UP TO 5.5 CHILLER AND 2.3 WIDE,26,CHILLER MEDIUM,as_sheet,5.5,2.3,2.3,ROOF,ROOF,9269.461536,9269.37,0.001,PASS,,,
UP_TO_5.5_CHILLER_AND_2.~L5.5~W2.3~H2.3~as_sheet,UP TO 5.5 CHILLER AND 2.3 WIDE,26,CHILLER MEDIUM,as_sheet,5.5,2.3,2.3,FLOOR,FLOOR,16875.321668,16875.32,0.0,PASS,,,
UP_TO_5.5_CHILLER_AND_2.~L5.5~W2.3~H2.3~as_sheet,UP TO 5.5 CHILLER AND 2.3 WIDE,26,CHILLER MEDIUM,as_sheet,5.5,2.3,2.3,ALUMINIUM,ALUMINIUM,7815.491,7815.49,0.0,PASS,,,
UP_TO_5.5_CHILLER_AND_2.~L5.5~W2.3~H2.3~as_sheet,UP TO 5.5 CHILLER AND 2.3 WIDE,26,CHILLER MEDIUM,as_sheet,5.5,2.3,2.3,SUB FRAME + LIGHT BOX ASSY,SUB FRAME + LIGHT BOX ASSY,8106.316432,8316.11,2.588,ACCEPTED,,EXTRA_IN_MES 1.2MM GALV PLATE (+449.52),[DATA] MES prices 1.2MM GALV PLATE R449.52 where Excel prices 1MM GALV PLATE R239.72.
UP_TO_5.5_CHILLER_AND_2.~L5.5~W2.3~H2.3~as_sheet,UP TO 5.5 CHILLER AND 2.3 WIDE,26,CHILLER MEDIUM,as_sheet,5.5,2.3,2.3,REAR FRAME + FLOOR PLATE,REAR FRAME & FLOOR PLATE,3129.9508,3129.75,0.006,PASS,,,
UP_TO_5.5_CHILLER_AND_2.~L5.5~W2.3~H2.3~as_sheet,UP TO 5.5 CHILLER AND 2.3 WIDE,26,CHILLER MEDIUM,as_sheet,5.5,2.3,2.3,SPRAY PAINTING,SPRAY PAINTING,750.0,750.0,0.0,PASS,,,
UP_TO_5.5_CHILLER_AND_2.~L5.5~W2.3~H2.3~as_sheet,UP TO 5.5 CHILLER AND 2.3 WIDE,26,CHILLER MEDIUM,as_sheet,5.5,2.3,2.3,REFLEXITE TAPE,REFLEXITE TAPE,239.4,239.4,0.0,PASS,,,
UP_TO_5.5_CHILLER_AND_2.~L5.5~W2.3~H2.3~all_pu,UP TO 5.5 CHILLER AND 2.3 WIDE,26,CHILLER MEDIUM,all_pu,5.5,2.3,2.3,FRONT,FRONT,4852.924509,3676.99,24.231,ACCEPTED,,QTY_DIFF PU (-1102.61) [ZERO_FORMULA],"[MES] chiller PU insulation lines carry a literal x0 quantity formula (2.44*1.22*0*2, 1.22*2.44*0*(length+{Waste})/1.22): PU prices at R0 on FRONT/SIDES/ROOF/FLOOR (ZERO_FORMULA); the icecream/freezer bodies use {PANEL PU} tokens and price live. SIDES/ROOF/FLOOR skins also hard-code both roof and floor deductions where Burt's cells deduct only the roof under PU."
UP_TO_5.5_CHILLER_AND_2.~L5.5~W2.3~H2.3~all_pu,UP TO 5.5 CHILLER AND 2.3 WIDE,26,CHILLER MEDIUM,all_pu,5.5,2.3,2.3,SRD,,0.0,,,SKIP,,,
UP_TO_5.5_CHILLER_AND_2.~L5.5~W2.3~H2.3~all_pu,UP TO 5.5 CHILLER AND 2.3 WIDE,26,CHILLER MEDIUM,all_pu,5.5,2.3,2.3,SRD DOOR FITTINGS,,0.0,,,SKIP,,,
UP_TO_5.5_CHILLER_AND_2.~L5.5~W2.3~H2.3~all_pu,UP TO 5.5 CHILLER AND 2.3 WIDE,26,CHILLER MEDIUM,all_pu,5.5,2.3,2.3,DRD,DRD,5113.158748,4927.59,3.629,ACCEPTED,,GROUP_DIFF 130*62MM TAPPING BLOCKS ~ 2 MES line(s) (-120.00),"[DATA] 130*62MM TAPPING BLOCKS: Excel 2 x R234 per size (R936 a double door) vs MES 6 x R68 per size (R816): R60 per size, 1-3 % of the door section."
UP_TO_5.5_CHILLER_AND_2.~L5.5~W2.3~H2.3~all_pu,UP TO 5.5 CHILLER AND 2.3 WIDE,26,CHILLER MEDIUM,all_pu,5.5,2.3,2.3,DRD DOOR FITTINGS,DRD DOOR FITTINGS,5513.52626,5503.48,0.182,PASS,,,
UP_TO_5.5_CHILLER_AND_2.~L5.5~W2.3~H2.3~all_pu,UP TO 5.5 CHILLER AND 2.3 WIDE,26,CHILLER MEDIUM,all_pu,5.5,2.3,2.3,SIDES,SIDES,21276.649387,15721.81,26.108,ACCEPTED,,BOTH PU (-5015.98) [ZERO_FORMULA],"[MES] chiller PU insulation lines carry a literal x0 quantity formula (2.44*1.22*0*2, 1.22*2.44*0*(length+{Waste})/1.22): PU prices at R0 on FRONT/SIDES/ROOF/FLOOR (ZERO_FORMULA); the icecream/freezer bodies use {PANEL PU} tokens and price live. SIDES/ROOF/FLOOR skins also hard-code both roof and floor deductions where Burt's cells deduct only the roof under PU."
UP_TO_5.5_CHILLER_AND_2.~L5.5~W2.3~H2.3~all_pu,UP TO 5.5 CHILLER AND 2.3 WIDE,26,CHILLER MEDIUM,all_pu,5.5,2.3,2.3,ROOF,ROOF,10404.316032,7227.44,30.534,ACCEPTED,,BOTH PU (-3176.79) [ZERO_FORMULA],"[MES] chiller PU insulation lines carry a literal x0 quantity formula (2.44*1.22*0*2, 1.22*2.44*0*(length+{Waste})/1.22): PU prices at R0 on FRONT/SIDES/ROOF/FLOOR (ZERO_FORMULA); the icecream/freezer bodies use {PANEL PU} tokens and price live. SIDES/ROOF/FLOOR skins also hard-code both roof and floor deductions where Burt's cells deduct only the roof under PU."
UP_TO_5.5_CHILLER_AND_2.~L5.5~W2.3~H2.3~all_pu,UP TO 5.5 CHILLER AND 2.3 WIDE,26,CHILLER MEDIUM,all_pu,5.5,2.3,2.3,FLOOR,FLOOR,18010.176165,14833.39,17.639,ACCEPTED,,BOTH PU (-3176.79) [ZERO_FORMULA],"[MES] chiller PU insulation lines carry a literal x0 quantity formula (2.44*1.22*0*2, 1.22*2.44*0*(length+{Waste})/1.22): PU prices at R0 on FRONT/SIDES/ROOF/FLOOR (ZERO_FORMULA); the icecream/freezer bodies use {PANEL PU} tokens and price live. SIDES/ROOF/FLOOR skins also hard-code both roof and floor deductions where Burt's cells deduct only the roof under PU."
UP_TO_5.5_CHILLER_AND_2.~L5.5~W2.3~H2.3~all_pu,UP TO 5.5 CHILLER AND 2.3 WIDE,26,CHILLER MEDIUM,all_pu,5.5,2.3,2.3,ALUMINIUM,ALUMINIUM,7815.491,7815.49,0.0,PASS,,,
UP_TO_5.5_CHILLER_AND_2.~L5.5~W2.3~H2.3~all_pu,UP TO 5.5 CHILLER AND 2.3 WIDE,26,CHILLER MEDIUM,all_pu,5.5,2.3,2.3,SUB FRAME + LIGHT BOX ASSY,SUB FRAME + LIGHT BOX ASSY,8106.316432,8316.11,2.588,ACCEPTED,,EXTRA_IN_MES 1.2MM GALV PLATE (+449.52),[DATA] MES prices 1.2MM GALV PLATE R449.52 where Excel prices 1MM GALV PLATE R239.72.
UP_TO_5.5_CHILLER_AND_2.~L5.5~W2.3~H2.3~all_pu,UP TO 5.5 CHILLER AND 2.3 WIDE,26,CHILLER MEDIUM,all_pu,5.5,2.3,2.3,REAR FRAME + FLOOR PLATE,REAR FRAME & FLOOR PLATE,3129.9508,3129.75,0.006,PASS,,,
UP_TO_5.5_CHILLER_AND_2.~L5.5~W2.3~H2.3~all_pu,UP TO 5.5 CHILLER AND 2.3 WIDE,26,CHILLER MEDIUM,all_pu,5.5,2.3,2.3,SPRAY PAINTING,SPRAY PAINTING,750.0,750.0,0.0,PASS,,,
UP_TO_5.5_CHILLER_AND_2.~L5.5~W2.3~H2.3~all_pu,UP TO 5.5 CHILLER AND 2.3 WIDE,26,CHILLER MEDIUM,all_pu,5.5,2.3,2.3,REFLEXITE TAPE,REFLEXITE TAPE,239.4,239.4,0.0,PASS,,,
UP_TO_5.5_CHILLER_AND_2.~L5.8~W2.3~H2.3~as_sheet,UP TO 5.5 CHILLER AND 2.3 WIDE,26,CHILLER MEDIUM,as_sheet,5.8,2.3,2.3,FRONT,FRONT,4250.996789,4266.89,0.374,PASS,,,
UP_TO_5.5_CHILLER_AND_2.~L5.8~W2.3~H2.3~as_sheet,UP TO 5.5 CHILLER AND 2.3 WIDE,26,CHILLER MEDIUM,as_sheet,5.8,2.3,2.3,SRD,,0.0,,,SKIP,,,
UP_TO_5.5_CHILLER_AND_2.~L5.8~W2.3~H2.3~as_sheet,UP TO 5.5 CHILLER AND 2.3 WIDE,26,CHILLER MEDIUM,as_sheet,5.8,2.3,2.3,SRD DOOR FITTINGS,,0.0,,,SKIP,,,
UP_TO_5.5_CHILLER_AND_2.~L5.8~W2.3~H2.3~as_sheet,UP TO 5.5 CHILLER AND 2.3 WIDE,26,CHILLER MEDIUM,as_sheet,5.8,2.3,2.3,DRD,DRD,4550.659701,4430.76,2.635,ACCEPTED,,GROUP_DIFF 130*62MM TAPPING BLOCKS ~ 2 MES line(s) (-120.00),"[DATA] 130*62MM TAPPING BLOCKS: Excel 2 x R234 per size (R936 a double door) vs MES 6 x R68 per size (R816): R60 per size, 1-3 % of the door section."
UP_TO_5.5_CHILLER_AND_2.~L5.8~W2.3~H2.3~as_sheet,UP TO 5.5 CHILLER AND 2.3 WIDE,26,CHILLER MEDIUM,as_sheet,5.8,2.3,2.3,DRD DOOR FITTINGS,DRD DOOR FITTINGS,5450.13694,5450.14,0.0,PASS,,,
UP_TO_5.5_CHILLER_AND_2.~L5.8~W2.3~H2.3~as_sheet,UP TO 5.5 CHILLER AND 2.3 WIDE,26,CHILLER MEDIUM,as_sheet,5.8,2.3,2.3,SIDES,SIDES,19859.164444,19828.58,0.154,PASS,,,
UP_TO_5.5_CHILLER_AND_2.~L5.8~W2.3~H2.3~as_sheet,UP TO 5.5 CHILLER AND 2.3 WIDE,26,CHILLER MEDIUM,as_sheet,5.8,2.3,2.3,ROOF,ROOF,9754.071503,9753.98,0.001,PASS,,,
UP_TO_5.5_CHILLER_AND_2.~L5.8~W2.3~H2.3~as_sheet,UP TO 5.5 CHILLER AND 2.3 WIDE,26,CHILLER MEDIUM,as_sheet,5.8,2.3,2.3,FLOOR,FLOOR,17777.864537,17777.86,0.0,PASS,,,
UP_TO_5.5_CHILLER_AND_2.~L5.8~W2.3~H2.3~as_sheet,UP TO 5.5 CHILLER AND 2.3 WIDE,26,CHILLER MEDIUM,as_sheet,5.8,2.3,2.3,ALUMINIUM,ALUMINIUM,8135.261,8135.26,0.0,PASS,,,
UP_TO_5.5_CHILLER_AND_2.~L5.8~W2.3~H2.3~as_sheet,UP TO 5.5 CHILLER AND 2.3 WIDE,26,CHILLER MEDIUM,as_sheet,5.8,2.3,2.3,SUB FRAME + LIGHT BOX ASSY,SUB FRAME + LIGHT BOX ASSY,8252.116432,8461.91,2.542,ACCEPTED,,EXTRA_IN_MES 1.2MM GALV PLATE (+449.52),[DATA] MES prices 1.2MM GALV PLATE R449.52 where Excel prices 1MM GALV PLATE R239.72.
UP_TO_5.5_CHILLER_AND_2.~L5.8~W2.3~H2.3~as_sheet,UP TO 5.5 CHILLER AND 2.3 WIDE,26,CHILLER MEDIUM,as_sheet,5.8,2.3,2.3,REAR FRAME + FLOOR PLATE,REAR FRAME & FLOOR PLATE,3129.9508,3129.75,0.006,PASS,,,
UP_TO_5.5_CHILLER_AND_2.~L5.8~W2.3~H2.3~as_sheet,UP TO 5.5 CHILLER AND 2.3 WIDE,26,CHILLER MEDIUM,as_sheet,5.8,2.3,2.3,SPRAY PAINTING,SPRAY PAINTING,750.0,750.0,0.0,PASS,,,
UP_TO_5.5_CHILLER_AND_2.~L5.8~W2.3~H2.3~as_sheet,UP TO 5.5 CHILLER AND 2.3 WIDE,26,CHILLER MEDIUM,as_sheet,5.8,2.3,2.3,REFLEXITE TAPE,REFLEXITE TAPE,250.2,250.2,0.0,PASS,,,
UP_TO_5.5_CHILLER_AND_2.~L5.8~W2.3~H2.3~all_pu,UP TO 5.5 CHILLER AND 2.3 WIDE,26,CHILLER MEDIUM,all_pu,5.8,2.3,2.3,FRONT,FRONT,4852.924509,3676.99,24.231,ACCEPTED,,QTY_DIFF PU (-1102.61) [ZERO_FORMULA],"[MES] chiller PU insulation lines carry a literal x0 quantity formula (2.44*1.22*0*2, 1.22*2.44*0*(length+{Waste})/1.22): PU prices at R0 on FRONT/SIDES/ROOF/FLOOR (ZERO_FORMULA); the icecream/freezer bodies use {PANEL PU} tokens and price live. SIDES/ROOF/FLOOR skins also hard-code both roof and floor deductions where Burt's cells deduct only the roof under PU."
UP_TO_5.5_CHILLER_AND_2.~L5.8~W2.3~H2.3~all_pu,UP TO 5.5 CHILLER AND 2.3 WIDE,26,CHILLER MEDIUM,all_pu,5.8,2.3,2.3,SRD,,0.0,,,SKIP,,,
UP_TO_5.5_CHILLER_AND_2.~L5.8~W2.3~H2.3~all_pu,UP TO 5.5 CHILLER AND 2.3 WIDE,26,CHILLER MEDIUM,all_pu,5.8,2.3,2.3,SRD DOOR FITTINGS,,0.0,,,SKIP,,,
UP_TO_5.5_CHILLER_AND_2.~L5.8~W2.3~H2.3~all_pu,UP TO 5.5 CHILLER AND 2.3 WIDE,26,CHILLER MEDIUM,all_pu,5.8,2.3,2.3,DRD,DRD,5113.158748,4927.59,3.629,ACCEPTED,,GROUP_DIFF 130*62MM TAPPING BLOCKS ~ 2 MES line(s) (-120.00),"[DATA] 130*62MM TAPPING BLOCKS: Excel 2 x R234 per size (R936 a double door) vs MES 6 x R68 per size (R816): R60 per size, 1-3 % of the door section."
UP_TO_5.5_CHILLER_AND_2.~L5.8~W2.3~H2.3~all_pu,UP TO 5.5 CHILLER AND 2.3 WIDE,26,CHILLER MEDIUM,all_pu,5.8,2.3,2.3,DRD DOOR FITTINGS,DRD DOOR FITTINGS,5513.52626,5503.48,0.182,PASS,,,
UP_TO_5.5_CHILLER_AND_2.~L5.8~W2.3~H2.3~all_pu,UP TO 5.5 CHILLER AND 2.3 WIDE,26,CHILLER MEDIUM,all_pu,5.8,2.3,2.3,SIDES,SIDES,22398.085336,16544.05,26.136,ACCEPTED,,BOTH PU (-5287.12) [ZERO_FORMULA],"[MES] chiller PU insulation lines carry a literal x0 quantity formula (2.44*1.22*0*2, 1.22*2.44*0*(length+{Waste})/1.22): PU prices at R0 on FRONT/SIDES/ROOF/FLOOR (ZERO_FORMULA); the icecream/freezer bodies use {PANEL PU} tokens and price live. SIDES/ROOF/FLOOR skins also hard-code both roof and floor deductions where Burt's cells deduct only the roof under PU."
UP_TO_5.5_CHILLER_AND_2.~L5.8~W2.3~H2.3~all_pu,UP TO 5.5 CHILLER AND 2.3 WIDE,26,CHILLER MEDIUM,all_pu,5.8,2.3,2.3,ROOF,ROOF,10950.269486,7601.67,30.58,ACCEPTED,,BOTH PU (-3348.51) [ZERO_FORMULA],"[MES] chiller PU insulation lines carry a literal x0 quantity formula (2.44*1.22*0*2, 1.22*2.44*0*(length+{Waste})/1.22): PU prices at R0 on FRONT/SIDES/ROOF/FLOOR (ZERO_FORMULA); the icecream/freezer bodies use {PANEL PU} tokens and price live. SIDES/ROOF/FLOOR skins also hard-code both roof and floor deductions where Burt's cells deduct only the roof under PU."
UP_TO_5.5_CHILLER_AND_2.~L5.8~W2.3~H2.3~all_pu,UP TO 5.5 CHILLER AND 2.3 WIDE,26,CHILLER MEDIUM,all_pu,5.8,2.3,2.3,FLOOR,FLOOR,18974.06252,15625.56,17.648,ACCEPTED,,BOTH PU (-3348.51) [ZERO_FORMULA],"[MES] chiller PU insulation lines carry a literal x0 quantity formula (2.44*1.22*0*2, 1.22*2.44*0*(length+{Waste})/1.22): PU prices at R0 on FRONT/SIDES/ROOF/FLOOR (ZERO_FORMULA); the icecream/freezer bodies use {PANEL PU} tokens and price live. SIDES/ROOF/FLOOR skins also hard-code both roof and floor deductions where Burt's cells deduct only the roof under PU."
UP_TO_5.5_CHILLER_AND_2.~L5.8~W2.3~H2.3~all_pu,UP TO 5.5 CHILLER AND 2.3 WIDE,26,CHILLER MEDIUM,all_pu,5.8,2.3,2.3,ALUMINIUM,ALUMINIUM,8135.261,8135.26,0.0,PASS,,,
UP_TO_5.5_CHILLER_AND_2.~L5.8~W2.3~H2.3~all_pu,UP TO 5.5 CHILLER AND 2.3 WIDE,26,CHILLER MEDIUM,all_pu,5.8,2.3,2.3,SUB FRAME + LIGHT BOX ASSY,SUB FRAME + LIGHT BOX ASSY,8252.116432,8461.91,2.542,ACCEPTED,,EXTRA_IN_MES 1.2MM GALV PLATE (+449.52),[DATA] MES prices 1.2MM GALV PLATE R449.52 where Excel prices 1MM GALV PLATE R239.72.
UP_TO_5.5_CHILLER_AND_2.~L5.8~W2.3~H2.3~all_pu,UP TO 5.5 CHILLER AND 2.3 WIDE,26,CHILLER MEDIUM,all_pu,5.8,2.3,2.3,REAR FRAME + FLOOR PLATE,REAR FRAME & FLOOR PLATE,3129.9508,3129.75,0.006,PASS,,,
UP_TO_5.5_CHILLER_AND_2.~L5.8~W2.3~H2.3~all_pu,UP TO 5.5 CHILLER AND 2.3 WIDE,26,CHILLER MEDIUM,all_pu,5.8,2.3,2.3,SPRAY PAINTING,SPRAY PAINTING,750.0,750.0,0.0,PASS,,,
UP_TO_5.5_CHILLER_AND_2.~L5.8~W2.3~H2.3~all_pu,UP TO 5.5 CHILLER AND 2.3 WIDE,26,CHILLER MEDIUM,all_pu,5.8,2.3,2.3,REFLEXITE TAPE,REFLEXITE TAPE,250.2,250.2,0.0,PASS,,,
UP_TO_4.8_MT_FREEZER_2~L4.2~W2.5~H2.4~as_sheet, UP TO 4.8 MT FREEZER  (2,20,FREEZER MEDIUM,as_sheet,4.2,2.5,2.4,FRONT,FRONT,5227.241456,5217.9,0.179,PASS,,,
UP_TO_4.8_MT_FREEZER_2~L4.2~W2.5~H2.4~as_sheet, UP TO 4.8 MT FREEZER  (2,20,FREEZER MEDIUM,as_sheet,4.2,2.5,2.4,SRD,,0.0,,,SKIP,,,
UP_TO_4.8_MT_FREEZER_2~L4.2~W2.5~H2.4~as_sheet, UP TO 4.8 MT FREEZER  (2,20,FREEZER MEDIUM,as_sheet,4.2,2.5,2.4,SRD DOOR FITTINGS,,0.0,,,SKIP,,,
UP_TO_4.8_MT_FREEZER_2~L4.2~W2.5~H2.4~as_sheet, UP TO 4.8 MT FREEZER  (2,20,FREEZER MEDIUM,as_sheet,4.2,2.5,2.4,DRD,DRD,5994.22456,5874.34,2.0,ACCEPTED,,GROUP_DIFF 130*62MM TAPPING BLOCKS ~ 2 MES line(s) (-120.00),"[DATA] 130*62MM TAPPING BLOCKS: Excel 2 x R234 per size (R936 a double door) vs MES 6 x R68 per size (R816): R60 per size, 1-3 % of the door section."
UP_TO_4.8_MT_FREEZER_2~L4.2~W2.5~H2.4~as_sheet, UP TO 4.8 MT FREEZER  (2,20,FREEZER MEDIUM,as_sheet,4.2,2.5,2.4,DRD DOOR FITTINGS,DRD DOOR FITTINGS,5983.98526,5983.99,0.0,PASS,,,
UP_TO_4.8_MT_FREEZER_2~L4.2~W2.5~H2.4~as_sheet, UP TO 4.8 MT FREEZER  (2,20,FREEZER MEDIUM,as_sheet,4.2,2.5,2.4,SIDES,SIDES,18012.316594,17991.71,0.114,PASS,,,
UP_TO_4.8_MT_FREEZER_2~L4.2~W2.5~H2.4~as_sheet, UP TO 4.8 MT FREEZER  (2,20,FREEZER MEDIUM,as_sheet,4.2,2.5,2.4,ROOF,ROOF,9061.806534,9039.92,0.242,PASS,,,
UP_TO_4.8_MT_FREEZER_2~L4.2~W2.5~H2.4~as_sheet, UP TO 4.8 MT FREEZER  (2,20,FREEZER MEDIUM,as_sheet,4.2,2.5,2.4,FLOOR,FLOOR,34797.93237,34797.9,0.0,PASS,,,
UP_TO_4.8_MT_FREEZER_2~L4.2~W2.5~H2.4~as_sheet, UP TO 4.8 MT FREEZER  (2,20,FREEZER MEDIUM,as_sheet,4.2,2.5,2.4,ALUMINIUM,ALUMINIUM,6671.728,6671.73,0.0,PASS,,,
UP_TO_4.8_MT_FREEZER_2~L4.2~W2.5~H2.4~as_sheet, UP TO 4.8 MT FREEZER  (2,20,FREEZER MEDIUM,as_sheet,4.2,2.5,2.4,SUB FRAME + LIGHT BOX ASSY,SUB FRAME + LIGHT BOX ASSY,8324.848808,7959.45,4.389,ACCEPTED,,MISSING_IN_MES 1MM GALV PLATE (-239.72),[DATA] Excel line 1MM GALV PLATE (R157-R240) has no MES line on this body.
UP_TO_4.8_MT_FREEZER_2~L4.2~W2.5~H2.4~as_sheet, UP TO 4.8 MT FREEZER  (2,20,FREEZER MEDIUM,as_sheet,4.2,2.5,2.4,REAR FRAME + FLOOR PLATE,REAR FRAME & FLOOR PLATE,4633.7716,4633.77,0.0,PASS,,,
UP_TO_4.8_MT_FREEZER_2~L4.2~W2.5~H2.4~as_sheet, UP TO 4.8 MT FREEZER  (2,20,FREEZER MEDIUM,as_sheet,4.2,2.5,2.4,SPRAY PAINTING,SPRAY PAINTING,750.0,750.0,0.0,PASS,,,
UP_TO_4.8_MT_FREEZER_2~L4.2~W2.5~H2.4~as_sheet, UP TO 4.8 MT FREEZER  (2,20,FREEZER MEDIUM,as_sheet,4.2,2.5,2.4,REFLEXITE TAPE,REFLEXITE TAPE,196.2,196.2,0.0,PASS,,,
UP_TO_4.8_MT_FREEZER_2~L4.2~W2.5~H2.4~all_eps, UP TO 4.8 MT FREEZER  (2,20,FREEZER MEDIUM,all_eps,4.2,2.5,2.4,FRONT,FRONT,3649.523745,4377.13,,UNVERIFIABLE,EXCEL_NO_PRICE:EPS,,
UP_TO_4.8_MT_FREEZER_2~L4.2~W2.5~H2.4~all_eps, UP TO 4.8 MT FREEZER  (2,20,FREEZER MEDIUM,all_eps,4.2,2.5,2.4,SRD,,0.0,,,SKIP,,,
UP_TO_4.8_MT_FREEZER_2~L4.2~W2.5~H2.4~all_eps, UP TO 4.8 MT FREEZER  (2,20,FREEZER MEDIUM,all_eps,4.2,2.5,2.4,SRD DOOR FITTINGS,,0.0,,,SKIP,,,
UP_TO_4.8_MT_FREEZER_2~L4.2~W2.5~H2.4~all_eps, UP TO 4.8 MT FREEZER  (2,20,FREEZER MEDIUM,all_eps,4.2,2.5,2.4,DRD,DRD,4416.116435,4296.23,,UNVERIFIABLE,EXCEL_NO_PRICE:EPS,,
UP_TO_4.8_MT_FREEZER_2~L4.2~W2.5~H2.4~all_eps, UP TO 4.8 MT FREEZER  (2,20,FREEZER MEDIUM,all_eps,4.2,2.5,2.4,DRD DOOR FITTINGS,DRD DOOR FITTINGS,5920.59594,5920.6,0.0,PASS,,,
UP_TO_4.8_MT_FREEZER_2~L4.2~W2.5~H2.4~all_eps, UP TO 4.8 MT FREEZER  (2,20,FREEZER MEDIUM,all_eps,4.2,2.5,2.4,SIDES,SIDES,12528.681635,15090.99,,UNVERIFIABLE,EXCEL_NO_PRICE:EPS,,
UP_TO_4.8_MT_FREEZER_2~L4.2~W2.5~H2.4~all_eps, UP TO 4.8 MT FREEZER  (2,20,FREEZER MEDIUM,all_eps,4.2,2.5,2.4,ROOF,ROOF,7530.703377,7508.81,0.291,PASS,,,
UP_TO_4.8_MT_FREEZER_2~L4.2~W2.5~H2.4~all_eps, UP TO 4.8 MT FREEZER  (2,20,FREEZER MEDIUM,all_eps,4.2,2.5,2.4,FLOOR,FLOOR,33266.829214,33266.8,0.0,PASS,,,
UP_TO_4.8_MT_FREEZER_2~L4.2~W2.5~H2.4~all_eps, UP TO 4.8 MT FREEZER  (2,20,FREEZER MEDIUM,all_eps,4.2,2.5,2.4,ALUMINIUM,ALUMINIUM,6671.728,6671.73,0.0,PASS,,,
UP_TO_4.8_MT_FREEZER_2~L4.2~W2.5~H2.4~all_eps, UP TO 4.8 MT FREEZER  (2,20,FREEZER MEDIUM,all_eps,4.2,2.5,2.4,SUB FRAME + LIGHT BOX ASSY,SUB FRAME + LIGHT BOX ASSY,8324.848808,7959.45,4.389,ACCEPTED,,MISSING_IN_MES 1MM GALV PLATE (-239.72),[DATA] Excel line 1MM GALV PLATE (R157-R240) has no MES line on this body.
UP_TO_4.8_MT_FREEZER_2~L4.2~W2.5~H2.4~all_eps, UP TO 4.8 MT FREEZER  (2,20,FREEZER MEDIUM,all_eps,4.2,2.5,2.4,REAR FRAME + FLOOR PLATE,REAR FRAME & FLOOR PLATE,4633.7716,4633.77,0.0,PASS,,,
UP_TO_4.8_MT_FREEZER_2~L4.2~W2.5~H2.4~all_eps, UP TO 4.8 MT FREEZER  (2,20,FREEZER MEDIUM,all_eps,4.2,2.5,2.4,SPRAY PAINTING,SPRAY PAINTING,750.0,750.0,0.0,PASS,,,
UP_TO_4.8_MT_FREEZER_2~L4.2~W2.5~H2.4~all_eps, UP TO 4.8 MT FREEZER  (2,20,FREEZER MEDIUM,all_eps,4.2,2.5,2.4,REFLEXITE TAPE,REFLEXITE TAPE,196.2,196.2,0.0,PASS,,,
UP_TO_4.8_MT_FREEZER_2~L5.6~W2.5~H2.4~as_sheet, UP TO 4.8 MT FREEZER  (2,20,FREEZER MEDIUM,as_sheet,5.6,2.5,2.4,FRONT,FRONT,5227.241456,5217.9,0.179,PASS,,,
UP_TO_4.8_MT_FREEZER_2~L5.6~W2.5~H2.4~as_sheet, UP TO 4.8 MT FREEZER  (2,20,FREEZER MEDIUM,as_sheet,5.6,2.5,2.4,SRD,,0.0,,,SKIP,,,
UP_TO_4.8_MT_FREEZER_2~L5.6~W2.5~H2.4~as_sheet, UP TO 4.8 MT FREEZER  (2,20,FREEZER MEDIUM,as_sheet,5.6,2.5,2.4,SRD DOOR FITTINGS,,0.0,,,SKIP,,,
UP_TO_4.8_MT_FREEZER_2~L5.6~W2.5~H2.4~as_sheet, UP TO 4.8 MT FREEZER  (2,20,FREEZER MEDIUM,as_sheet,5.6,2.5,2.4,DRD,DRD,5994.22456,5874.34,2.0,ACCEPTED,,GROUP_DIFF 130*62MM TAPPING BLOCKS ~ 2 MES line(s) (-120.00),"[DATA] 130*62MM TAPPING BLOCKS: Excel 2 x R234 per size (R936 a double door) vs MES 6 x R68 per size (R816): R60 per size, 1-3 % of the door section."
UP_TO_4.8_MT_FREEZER_2~L5.6~W2.5~H2.4~as_sheet, UP TO 4.8 MT FREEZER  (2,20,FREEZER MEDIUM,as_sheet,5.6,2.5,2.4,DRD DOOR FITTINGS,DRD DOOR FITTINGS,5983.98526,5983.99,0.0,PASS,,,
UP_TO_4.8_MT_FREEZER_2~L5.6~W2.5~H2.4~as_sheet, UP TO 4.8 MT FREEZER  (2,20,FREEZER MEDIUM,as_sheet,5.6,2.5,2.4,SIDES,SIDES,23824.574319,23798.69,0.109,PASS,,,
UP_TO_4.8_MT_FREEZER_2~L5.6~W2.5~H2.4~as_sheet, UP TO 4.8 MT FREEZER  (2,20,FREEZER MEDIUM,as_sheet,5.6,2.5,2.4,ROOF,ROOF,12009.570172,11982.13,0.228,PASS,,,
UP_TO_4.8_MT_FREEZER_2~L5.6~W2.5~H2.4~as_sheet, UP TO 4.8 MT FREEZER  (2,20,FREEZER MEDIUM,as_sheet,5.6,2.5,2.4,FLOOR,FLOOR,45781.520657,45781.48,0.0,PASS,,,
UP_TO_4.8_MT_FREEZER_2~L5.6~W2.5~H2.4~as_sheet, UP TO 4.8 MT FREEZER  (2,20,FREEZER MEDIUM,as_sheet,5.6,2.5,2.4,ALUMINIUM,ALUMINIUM,8192.828,8192.83,0.0,PASS,,,
UP_TO_4.8_MT_FREEZER_2~L5.6~W2.5~H2.4~as_sheet, UP TO 4.8 MT FREEZER  (2,20,FREEZER MEDIUM,as_sheet,5.6,2.5,2.4,SUB FRAME + LIGHT BOX ASSY,SUB FRAME + LIGHT BOX ASSY,9005.248808,8639.85,4.058,ACCEPTED,,MISSING_IN_MES 1MM GALV PLATE (-239.72),[DATA] Excel line 1MM GALV PLATE (R157-R240) has no MES line on this body.
UP_TO_4.8_MT_FREEZER_2~L5.6~W2.5~H2.4~as_sheet, UP TO 4.8 MT FREEZER  (2,20,FREEZER MEDIUM,as_sheet,5.6,2.5,2.4,REAR FRAME + FLOOR PLATE,REAR FRAME & FLOOR PLATE,4633.7716,4633.77,0.0,PASS,,,
UP_TO_4.8_MT_FREEZER_2~L5.6~W2.5~H2.4~as_sheet, UP TO 4.8 MT FREEZER  (2,20,FREEZER MEDIUM,as_sheet,5.6,2.5,2.4,SPRAY PAINTING,SPRAY PAINTING,750.0,750.0,0.0,PASS,,,
UP_TO_4.8_MT_FREEZER_2~L5.6~W2.5~H2.4~as_sheet, UP TO 4.8 MT FREEZER  (2,20,FREEZER MEDIUM,as_sheet,5.6,2.5,2.4,REFLEXITE TAPE,REFLEXITE TAPE,246.6,246.6,0.0,PASS,,,
UP_TO_4.8_MT_FREEZER_2~L5.6~W2.5~H2.4~all_eps, UP TO 4.8 MT FREEZER  (2,20,FREEZER MEDIUM,all_eps,5.6,2.5,2.4,FRONT,FRONT,3649.523745,4377.13,,UNVERIFIABLE,EXCEL_NO_PRICE:EPS,,
UP_TO_4.8_MT_FREEZER_2~L5.6~W2.5~H2.4~all_eps, UP TO 4.8 MT FREEZER  (2,20,FREEZER MEDIUM,all_eps,5.6,2.5,2.4,SRD,,0.0,,,SKIP,,,
UP_TO_4.8_MT_FREEZER_2~L5.6~W2.5~H2.4~all_eps, UP TO 4.8 MT FREEZER  (2,20,FREEZER MEDIUM,all_eps,5.6,2.5,2.4,SRD DOOR FITTINGS,,0.0,,,SKIP,,,
UP_TO_4.8_MT_FREEZER_2~L5.6~W2.5~H2.4~all_eps, UP TO 4.8 MT FREEZER  (2,20,FREEZER MEDIUM,all_eps,5.6,2.5,2.4,DRD,DRD,4416.116435,4296.23,,UNVERIFIABLE,EXCEL_NO_PRICE:EPS,,
UP_TO_4.8_MT_FREEZER_2~L5.6~W2.5~H2.4~all_eps, UP TO 4.8 MT FREEZER  (2,20,FREEZER MEDIUM,all_eps,5.6,2.5,2.4,DRD DOOR FITTINGS,DRD DOOR FITTINGS,5920.59594,5920.6,0.0,PASS,,,
UP_TO_4.8_MT_FREEZER_2~L5.6~W2.5~H2.4~all_eps, UP TO 4.8 MT FREEZER  (2,20,FREEZER MEDIUM,all_eps,5.6,2.5,2.4,SIDES,SIDES,16536.432447,19942.44,,UNVERIFIABLE,EXCEL_NO_PRICE:EPS,,
UP_TO_4.8_MT_FREEZER_2~L5.6~W2.5~H2.4~all_eps, UP TO 4.8 MT FREEZER  (2,20,FREEZER MEDIUM,all_eps,5.6,2.5,2.4,ROOF,ROOF,9974.103623,9946.66,0.275,PASS,,,
UP_TO_4.8_MT_FREEZER_2~L5.6~W2.5~H2.4~all_eps, UP TO 4.8 MT FREEZER  (2,20,FREEZER MEDIUM,all_eps,5.6,2.5,2.4,FLOOR,FLOOR,43746.054108,43746.01,0.0,PASS,,,
UP_TO_4.8_MT_FREEZER_2~L5.6~W2.5~H2.4~all_eps, UP TO 4.8 MT FREEZER  (2,20,FREEZER MEDIUM,all_eps,5.6,2.5,2.4,ALUMINIUM,ALUMINIUM,8192.828,8192.83,0.0,PASS,,,
UP_TO_4.8_MT_FREEZER_2~L5.6~W2.5~H2.4~all_eps, UP TO 4.8 MT FREEZER  (2,20,FREEZER MEDIUM,all_eps,5.6,2.5,2.4,SUB FRAME + LIGHT BOX ASSY,SUB FRAME + LIGHT BOX ASSY,9005.248808,8639.85,4.058,ACCEPTED,,MISSING_IN_MES 1MM GALV PLATE (-239.72),[DATA] Excel line 1MM GALV PLATE (R157-R240) has no MES line on this body.
UP_TO_4.8_MT_FREEZER_2~L5.6~W2.5~H2.4~all_eps, UP TO 4.8 MT FREEZER  (2,20,FREEZER MEDIUM,all_eps,5.6,2.5,2.4,REAR FRAME + FLOOR PLATE,REAR FRAME & FLOOR PLATE,4633.7716,4633.77,0.0,PASS,,,
UP_TO_4.8_MT_FREEZER_2~L5.6~W2.5~H2.4~all_eps, UP TO 4.8 MT FREEZER  (2,20,FREEZER MEDIUM,all_eps,5.6,2.5,2.4,SPRAY PAINTING,SPRAY PAINTING,750.0,750.0,0.0,PASS,,,
UP_TO_4.8_MT_FREEZER_2~L5.6~W2.5~H2.4~all_eps, UP TO 4.8 MT FREEZER  (2,20,FREEZER MEDIUM,all_eps,5.6,2.5,2.4,REFLEXITE TAPE,REFLEXITE TAPE,246.6,246.6,0.0,PASS,,,
UP_TO_4.8_MT_FREEZER_2~L6~W2.5~H2.4~as_sheet, UP TO 4.8 MT FREEZER  (2,20,FREEZER MEDIUM,as_sheet,6.0,2.5,2.4,FRONT,FRONT,5227.241456,5217.9,0.179,PASS,,,
UP_TO_4.8_MT_FREEZER_2~L6~W2.5~H2.4~as_sheet, UP TO 4.8 MT FREEZER  (2,20,FREEZER MEDIUM,as_sheet,6.0,2.5,2.4,SRD,,0.0,,,SKIP,,,
UP_TO_4.8_MT_FREEZER_2~L6~W2.5~H2.4~as_sheet, UP TO 4.8 MT FREEZER  (2,20,FREEZER MEDIUM,as_sheet,6.0,2.5,2.4,SRD DOOR FITTINGS,,0.0,,,SKIP,,,
UP_TO_4.8_MT_FREEZER_2~L6~W2.5~H2.4~as_sheet, UP TO 4.8 MT FREEZER  (2,20,FREEZER MEDIUM,as_sheet,6.0,2.5,2.4,DRD,DRD,5994.22456,5874.34,2.0,ACCEPTED,,GROUP_DIFF 130*62MM TAPPING BLOCKS ~ 2 MES line(s) (-120.00),"[DATA] 130*62MM TAPPING BLOCKS: Excel 2 x R234 per size (R936 a double door) vs MES 6 x R68 per size (R816): R60 per size, 1-3 % of the door section."
UP_TO_4.8_MT_FREEZER_2~L6~W2.5~H2.4~as_sheet, UP TO 4.8 MT FREEZER  (2,20,FREEZER MEDIUM,as_sheet,6.0,2.5,2.4,DRD DOOR FITTINGS,DRD DOOR FITTINGS,5983.98526,5983.99,0.0,PASS,,,
UP_TO_4.8_MT_FREEZER_2~L6~W2.5~H2.4~as_sheet, UP TO 4.8 MT FREEZER  (2,20,FREEZER MEDIUM,as_sheet,6.0,2.5,2.4,SIDES,SIDES,25485.219384,25457.83,0.107,PASS,,,
UP_TO_4.8_MT_FREEZER_2~L6~W2.5~H2.4~as_sheet, UP TO 4.8 MT FREEZER  (2,20,FREEZER MEDIUM,as_sheet,6.0,2.5,2.4,ROOF,ROOF,12851.788354,12822.76,0.226,PASS,,,
UP_TO_4.8_MT_FREEZER_2~L6~W2.5~H2.4~as_sheet, UP TO 4.8 MT FREEZER  (2,20,FREEZER MEDIUM,as_sheet,6.0,2.5,2.4,FLOOR,FLOOR,48919.688739,48919.65,0.0,PASS,,,
UP_TO_4.8_MT_FREEZER_2~L6~W2.5~H2.4~as_sheet, UP TO 4.8 MT FREEZER  (2,20,FREEZER MEDIUM,as_sheet,6.0,2.5,2.4,ALUMINIUM,ALUMINIUM,8627.428,8627.43,0.0,PASS,,,
UP_TO_4.8_MT_FREEZER_2~L6~W2.5~H2.4~as_sheet, UP TO 4.8 MT FREEZER  (2,20,FREEZER MEDIUM,as_sheet,6.0,2.5,2.4,SUB FRAME + LIGHT BOX ASSY,SUB FRAME + LIGHT BOX ASSY,9199.648808,8834.25,3.972,ACCEPTED,,MISSING_IN_MES 1MM GALV PLATE (-239.72),[DATA] Excel line 1MM GALV PLATE (R157-R240) has no MES line on this body.
UP_TO_4.8_MT_FREEZER_2~L6~W2.5~H2.4~as_sheet, UP TO 4.8 MT FREEZER  (2,20,FREEZER MEDIUM,as_sheet,6.0,2.5,2.4,REAR FRAME + FLOOR PLATE,REAR FRAME & FLOOR PLATE,4633.7716,4633.77,0.0,PASS,,,
UP_TO_4.8_MT_FREEZER_2~L6~W2.5~H2.4~as_sheet, UP TO 4.8 MT FREEZER  (2,20,FREEZER MEDIUM,as_sheet,6.0,2.5,2.4,SPRAY PAINTING,SPRAY PAINTING,750.0,750.0,0.0,PASS,,,
UP_TO_4.8_MT_FREEZER_2~L6~W2.5~H2.4~as_sheet, UP TO 4.8 MT FREEZER  (2,20,FREEZER MEDIUM,as_sheet,6.0,2.5,2.4,REFLEXITE TAPE,REFLEXITE TAPE,261.0,261.0,0.0,PASS,,,
UP_TO_4.8_MT_FREEZER_2~L6~W2.5~H2.4~all_eps, UP TO 4.8 MT FREEZER  (2,20,FREEZER MEDIUM,all_eps,6.0,2.5,2.4,FRONT,FRONT,3649.523745,4377.13,,UNVERIFIABLE,EXCEL_NO_PRICE:EPS,,
UP_TO_4.8_MT_FREEZER_2~L6~W2.5~H2.4~all_eps, UP TO 4.8 MT FREEZER  (2,20,FREEZER MEDIUM,all_eps,6.0,2.5,2.4,SRD,,0.0,,,SKIP,,,
UP_TO_4.8_MT_FREEZER_2~L6~W2.5~H2.4~all_eps, UP TO 4.8 MT FREEZER  (2,20,FREEZER MEDIUM,all_eps,6.0,2.5,2.4,SRD DOOR FITTINGS,,0.0,,,SKIP,,,
UP_TO_4.8_MT_FREEZER_2~L6~W2.5~H2.4~all_eps, UP TO 4.8 MT FREEZER  (2,20,FREEZER MEDIUM,all_eps,6.0,2.5,2.4,DRD,DRD,4416.116435,4296.23,,UNVERIFIABLE,EXCEL_NO_PRICE:EPS,,
UP_TO_4.8_MT_FREEZER_2~L6~W2.5~H2.4~all_eps, UP TO 4.8 MT FREEZER  (2,20,FREEZER MEDIUM,all_eps,6.0,2.5,2.4,DRD DOOR FITTINGS,DRD DOOR FITTINGS,5920.59594,5920.6,0.0,PASS,,,
UP_TO_4.8_MT_FREEZER_2~L6~W2.5~H2.4~all_eps, UP TO 4.8 MT FREEZER  (2,20,FREEZER MEDIUM,all_eps,6.0,2.5,2.4,SIDES,SIDES,17681.504107,21328.57,,UNVERIFIABLE,EXCEL_NO_PRICE:EPS,,
UP_TO_4.8_MT_FREEZER_2~L6~W2.5~H2.4~all_eps, UP TO 4.8 MT FREEZER  (2,20,FREEZER MEDIUM,all_eps,6.0,2.5,2.4,ROOF,ROOF,10672.217979,10643.19,0.272,PASS,,,
UP_TO_4.8_MT_FREEZER_2~L6~W2.5~H2.4~all_eps, UP TO 4.8 MT FREEZER  (2,20,FREEZER MEDIUM,all_eps,6.0,2.5,2.4,FLOOR,FLOOR,46740.118364,46740.08,0.0,PASS,,,
UP_TO_4.8_MT_FREEZER_2~L6~W2.5~H2.4~all_eps, UP TO 4.8 MT FREEZER  (2,20,FREEZER MEDIUM,all_eps,6.0,2.5,2.4,ALUMINIUM,ALUMINIUM,8627.428,8627.43,0.0,PASS,,,
UP_TO_4.8_MT_FREEZER_2~L6~W2.5~H2.4~all_eps, UP TO 4.8 MT FREEZER  (2,20,FREEZER MEDIUM,all_eps,6.0,2.5,2.4,SUB FRAME + LIGHT BOX ASSY,SUB FRAME + LIGHT BOX ASSY,9199.648808,8834.25,3.972,ACCEPTED,,MISSING_IN_MES 1MM GALV PLATE (-239.72),[DATA] Excel line 1MM GALV PLATE (R157-R240) has no MES line on this body.
UP_TO_4.8_MT_FREEZER_2~L6~W2.5~H2.4~all_eps, UP TO 4.8 MT FREEZER  (2,20,FREEZER MEDIUM,all_eps,6.0,2.5,2.4,REAR FRAME + FLOOR PLATE,REAR FRAME & FLOOR PLATE,4633.7716,4633.77,0.0,PASS,,,
UP_TO_4.8_MT_FREEZER_2~L6~W2.5~H2.4~all_eps, UP TO 4.8 MT FREEZER  (2,20,FREEZER MEDIUM,all_eps,6.0,2.5,2.4,SPRAY PAINTING,SPRAY PAINTING,750.0,750.0,0.0,PASS,,,
UP_TO_4.8_MT_FREEZER_2~L6~W2.5~H2.4~all_eps, UP TO 4.8 MT FREEZER  (2,20,FREEZER MEDIUM,all_eps,6.0,2.5,2.4,REFLEXITE TAPE,REFLEXITE TAPE,261.0,261.0,0.0,PASS,,,
ICECREAM_UP_TO_4.8~L3.6~W2.3~H2.26~as_sheet,icecream up to 4.8,17,ICECREAM UP TO 4.8,as_sheet,3.6,2.3,2.26,FRONT,FRONT,5308.864184,5308.82,0.001,PASS,,,
ICECREAM_UP_TO_4.8~L3.6~W2.3~H2.26~as_sheet,icecream up to 4.8,17,ICECREAM UP TO 4.8,as_sheet,3.6,2.3,2.26,SRD,,0.0,,,SKIP,,,
ICECREAM_UP_TO_4.8~L3.6~W2.3~H2.26~as_sheet,icecream up to 4.8,17,ICECREAM UP TO 4.8,as_sheet,3.6,2.3,2.26,SRD DOOR FITTINGS,,0.0,,,SKIP,,,
ICECREAM_UP_TO_4.8~L3.6~W2.3~H2.26~as_sheet,icecream up to 4.8,17,ICECREAM UP TO 4.8,as_sheet,3.6,2.3,2.26,DRD,DRD,6484.10606,6636.38,2.348,ACCEPTED,,QTY_DIFF 4MM PF PLYWOOD (+320.06),"[DATA] 130*62MM TAPPING BLOCKS: Excel 2 x R234 per size (R936 a double door) vs MES 6 x R68 per size (R816): R60 per size, 1-3 % of the door section."
ICECREAM_UP_TO_4.8~L3.6~W2.3~H2.26~as_sheet,icecream up to 4.8,17,ICECREAM UP TO 4.8,as_sheet,3.6,2.3,2.26,DRD DOOR FITTINGS,DRD DOOR FITTINGS,5576.39503,5232.22,6.172,ACCEPTED,,BOTH 28779 DOOR CAPPING (-323.80),"[DATA] icecream 4.8 door lines: 4MM PF PLYWOOD quantity, 28779 DOOR CAPPING (-R324), 3MM 3CR12 FLOOR PLATE (+R77.50) differ from Burt's sheet (2-6 % of the section) - see the triage."
ICECREAM_UP_TO_4.8~L3.6~W2.3~H2.26~as_sheet,icecream up to 4.8,17,ICECREAM UP TO 4.8,as_sheet,3.6,2.3,2.26,SIDES,SIDES,17330.941165,17331.26,0.002,PASS,,,
ICECREAM_UP_TO_4.8~L3.6~W2.3~H2.26~as_sheet,icecream up to 4.8,17,ICECREAM UP TO 4.8,as_sheet,3.6,2.3,2.26,ROOF,ROOF,9853.46484,9853.38,0.001,PASS,,,
ICECREAM_UP_TO_4.8~L3.6~W2.3~H2.26~as_sheet,icecream up to 4.8,17,ICECREAM UP TO 4.8,as_sheet,3.6,2.3,2.26,FLOOR,FLOOR,14967.607172,34609.25,131.228,ACCEPTED,,EXTRA_IN_MES ALU EXTRUTION FLOOR (+20353.68),"[MES] master ALU EXTRUTION FLOOR defaults ON for ICECREAM UP TO 3,2 and UP TO 4.8 and adds R13k-R27k (13 x length m at R428.95); Burt's sheets have no such line or flag."
ICECREAM_UP_TO_4.8~L3.6~W2.3~H2.26~as_sheet,icecream up to 4.8,17,ICECREAM UP TO 4.8,as_sheet,3.6,2.3,2.26,ALUMINIUM,ALUMINIUM,6864.6306,6864.63,0.0,PASS,,,
ICECREAM_UP_TO_4.8~L3.6~W2.3~H2.26~as_sheet,icecream up to 4.8,17,ICECREAM UP TO 4.8,as_sheet,3.6,2.3,2.26,SUB FRAME + LIGHT BOX ASSY,SUB FRAME + LIGHT BOX ASSY,7794.451206,7794.46,0.0,PASS,,,
ICECREAM_UP_TO_4.8~L3.6~W2.3~H2.26~as_sheet,icecream up to 4.8,17,ICECREAM UP TO 4.8,as_sheet,3.6,2.3,2.26,REAR FRAME + FLOOR PLATE,REAR FRAME & FLOOR PLATE,3514.937744,3592.43,2.205,ACCEPTED,,BOTH 3MM 3CR12 FLOOR PLATE (+77.50),"[DATA] icecream 4.8 door lines: 4MM PF PLYWOOD quantity, 28779 DOOR CAPPING (-R324), 3MM 3CR12 FLOOR PLATE (+R77.50) differ from Burt's sheet (2-6 % of the section) - see the triage."
ICECREAM_UP_TO_4.8~L3.6~W2.3~H2.26~as_sheet,icecream up to 4.8,17,ICECREAM UP TO 4.8,as_sheet,3.6,2.3,2.26,SPRAY PAINTING,SPRAY PAINTING,750.0,750.0,0.0,PASS,,,
ICECREAM_UP_TO_4.8~L3.6~W2.3~H2.26~as_sheet,icecream up to 4.8,17,ICECREAM UP TO 4.8,as_sheet,3.6,2.3,2.26,REFLEXITE TAPE,REFLEXITE TAPE,171.0,171.0,0.0,PASS,,,
ICECREAM_UP_TO_4.8~L3.6~W2.3~H2.26~srd,icecream up to 4.8,17,ICECREAM UP TO 4.8,srd,3.6,2.3,2.26,FRONT,FRONT,5308.864184,5308.82,0.001,PASS,,,
ICECREAM_UP_TO_4.8~L3.6~W2.3~H2.26~srd,icecream up to 4.8,17,ICECREAM UP TO 4.8,srd,3.6,2.3,2.26,SRD,SRD,4885.576294,4797.81,1.796,ACCEPTED,,GROUP_DIFF 130*62MM TAPPING BLOCKS ~ 2 MES line(s) (-87.72),"[DATA] 130*62MM TAPPING BLOCKS: Excel 2 x R234 per size (R936 a double door) vs MES 6 x R68 per size (R816): R60 per size, 1-3 % of the door section."
ICECREAM_UP_TO_4.8~L3.6~W2.3~H2.26~srd,icecream up to 4.8,17,ICECREAM UP TO 4.8,srd,3.6,2.3,2.26,SRD DOOR FITTINGS,SRD DOOR FITTINGS,7003.49804,7003.5,0.0,PASS,,,
ICECREAM_UP_TO_4.8~L3.6~W2.3~H2.26~srd,icecream up to 4.8,17,ICECREAM UP TO 4.8,srd,3.6,2.3,2.26,DRD,,0.0,,,SKIP,,,
ICECREAM_UP_TO_4.8~L3.6~W2.3~H2.26~srd,icecream up to 4.8,17,ICECREAM UP TO 4.8,srd,3.6,2.3,2.26,DRD DOOR FITTINGS,,0.0,,,SKIP,,,
ICECREAM_UP_TO_4.8~L3.6~W2.3~H2.26~srd,icecream up to 4.8,17,ICECREAM UP TO 4.8,srd,3.6,2.3,2.26,SIDES,SIDES,17330.941165,17331.26,0.002,PASS,,,
ICECREAM_UP_TO_4.8~L3.6~W2.3~H2.26~srd,icecream up to 4.8,17,ICECREAM UP TO 4.8,srd,3.6,2.3,2.26,ROOF,ROOF,9853.46484,9853.38,0.001,PASS,,,
ICECREAM_UP_TO_4.8~L3.6~W2.3~H2.26~srd,icecream up to 4.8,17,ICECREAM UP TO 4.8,srd,3.6,2.3,2.26,FLOOR,FLOOR,14967.607172,34609.25,131.228,ACCEPTED,,EXTRA_IN_MES ALU EXTRUTION FLOOR (+20353.68),"[MES] master ALU EXTRUTION FLOOR defaults ON for ICECREAM UP TO 3,2 and UP TO 4.8 and adds R13k-R27k (13 x length m at R428.95); Burt's sheets have no such line or flag."
ICECREAM_UP_TO_4.8~L3.6~W2.3~H2.26~srd,icecream up to 4.8,17,ICECREAM UP TO 4.8,srd,3.6,2.3,2.26,ALUMINIUM,ALUMINIUM,6864.6306,6864.63,0.0,PASS,,,
ICECREAM_UP_TO_4.8~L3.6~W2.3~H2.26~srd,icecream up to 4.8,17,ICECREAM UP TO 4.8,srd,3.6,2.3,2.26,SUB FRAME + LIGHT BOX ASSY,SUB FRAME + LIGHT BOX ASSY,7794.451206,7794.46,0.0,PASS,,,
ICECREAM_UP_TO_4.8~L3.6~W2.3~H2.26~srd,icecream up to 4.8,17,ICECREAM UP TO 4.8,srd,3.6,2.3,2.26,REAR FRAME + FLOOR PLATE,REAR FRAME & FLOOR PLATE,0.0,3592.43,,ACCEPTED,EXTRA_IN_MES,BOTH 3MM 3CR12 FLOOR PLATE (+77.50),"[RULING] Burt gates REAR FRAME + FLOOR PLATE on the DRD flags, so a single-rear-door body carries R0 there; MES always includes the section (R2.4k-R5.5k). Which is right needs Burt/Michael."
ICECREAM_UP_TO_4.8~L3.6~W2.3~H2.26~srd,icecream up to 4.8,17,ICECREAM UP TO 4.8,srd,3.6,2.3,2.26,SPRAY PAINTING,SPRAY PAINTING,750.0,750.0,0.0,PASS,,,
ICECREAM_UP_TO_4.8~L3.6~W2.3~H2.26~srd,icecream up to 4.8,17,ICECREAM UP TO 4.8,srd,3.6,2.3,2.26,REFLEXITE TAPE,REFLEXITE TAPE,171.0,171.0,0.0,PASS,,,
ICECREAM_UP_TO_4.8~L4.2~W2.3~H2.26~as_sheet,icecream up to 4.8,17,ICECREAM UP TO 4.8,as_sheet,4.2,2.3,2.26,FRONT,FRONT,5308.864184,5308.82,0.001,PASS,,,
ICECREAM_UP_TO_4.8~L4.2~W2.3~H2.26~as_sheet,icecream up to 4.8,17,ICECREAM UP TO 4.8,as_sheet,4.2,2.3,2.26,SRD,,0.0,,,SKIP,,,
ICECREAM_UP_TO_4.8~L4.2~W2.3~H2.26~as_sheet,icecream up to 4.8,17,ICECREAM UP TO 4.8,as_sheet,4.2,2.3,2.26,SRD DOOR FITTINGS,,0.0,,,SKIP,,,
ICECREAM_UP_TO_4.8~L4.2~W2.3~H2.26~as_sheet,icecream up to 4.8,17,ICECREAM UP TO 4.8,as_sheet,4.2,2.3,2.26,DRD,DRD,6484.10606,6636.38,2.348,ACCEPTED,,QTY_DIFF 4MM PF PLYWOOD (+320.06),"[DATA] 130*62MM TAPPING BLOCKS: Excel 2 x R234 per size (R936 a double door) vs MES 6 x R68 per size (R816): R60 per size, 1-3 % of the door section."
ICECREAM_UP_TO_4.8~L4.2~W2.3~H2.26~as_sheet,icecream up to 4.8,17,ICECREAM UP TO 4.8,as_sheet,4.2,2.3,2.26,DRD DOOR FITTINGS,DRD DOOR FITTINGS,5576.39503,5232.22,6.172,ACCEPTED,,BOTH 28779 DOOR CAPPING (-323.80),"[DATA] icecream 4.8 door lines: 4MM PF PLYWOOD quantity, 28779 DOOR CAPPING (-R324), 3MM 3CR12 FLOOR PLATE (+R77.50) differ from Burt's sheet (2-6 % of the section) - see the triage."
ICECREAM_UP_TO_4.8~L4.2~W2.3~H2.26~as_sheet,icecream up to 4.8,17,ICECREAM UP TO 4.8,as_sheet,4.2,2.3,2.26,SIDES,SIDES,20125.138998,20125.51,0.002,PASS,,,
ICECREAM_UP_TO_4.8~L4.2~W2.3~H2.26~as_sheet,icecream up to 4.8,17,ICECREAM UP TO 4.8,as_sheet,4.2,2.3,2.26,ROOF,ROOF,11458.362439,11458.26,0.001,PASS,,,
ICECREAM_UP_TO_4.8~L4.2~W2.3~H2.26~as_sheet,icecream up to 4.8,17,ICECREAM UP TO 4.8,as_sheet,4.2,2.3,2.26,FLOOR,FLOOR,17398.729677,40637.49,133.566,ACCEPTED,,EXTRA_IN_MES ALU EXTRUTION FLOOR (+23699.49),"[MES] master ALU EXTRUTION FLOOR defaults ON for ICECREAM UP TO 3,2 and UP TO 4.8 and adds R13k-R27k (13 x length m at R428.95); Burt's sheets have no such line or flag."
ICECREAM_UP_TO_4.8~L4.2~W2.3~H2.26~as_sheet,icecream up to 4.8,17,ICECREAM UP TO 4.8,as_sheet,4.2,2.3,2.26,ALUMINIUM,ALUMINIUM,7606.1226,7606.12,0.0,PASS,,,
ICECREAM_UP_TO_4.8~L4.2~W2.3~H2.26~as_sheet,icecream up to 4.8,17,ICECREAM UP TO 4.8,as_sheet,4.2,2.3,2.26,SUB FRAME + LIGHT BOX ASSY,SUB FRAME + LIGHT BOX ASSY,8086.051206,8086.06,0.0,PASS,,,
ICECREAM_UP_TO_4.8~L4.2~W2.3~H2.26~as_sheet,icecream up to 4.8,17,ICECREAM UP TO 4.8,as_sheet,4.2,2.3,2.26,REAR FRAME + FLOOR PLATE,REAR FRAME & FLOOR PLATE,3514.937744,3592.43,2.205,ACCEPTED,,BOTH 3MM 3CR12 FLOOR PLATE (+77.50),"[DATA] icecream 4.8 door lines: 4MM PF PLYWOOD quantity, 28779 DOOR CAPPING (-R324), 3MM 3CR12 FLOOR PLATE (+R77.50) differ from Burt's sheet (2-6 % of the section) - see the triage."
ICECREAM_UP_TO_4.8~L4.2~W2.3~H2.26~as_sheet,icecream up to 4.8,17,ICECREAM UP TO 4.8,as_sheet,4.2,2.3,2.26,SPRAY PAINTING,SPRAY PAINTING,750.0,750.0,0.0,PASS,,,
ICECREAM_UP_TO_4.8~L4.2~W2.3~H2.26~as_sheet,icecream up to 4.8,17,ICECREAM UP TO 4.8,as_sheet,4.2,2.3,2.26,REFLEXITE TAPE,REFLEXITE TAPE,192.6,192.6,0.0,PASS,,,
ICECREAM_UP_TO_4.8~L4.2~W2.3~H2.26~srd,icecream up to 4.8,17,ICECREAM UP TO 4.8,srd,4.2,2.3,2.26,FRONT,FRONT,5308.864184,5308.82,0.001,PASS,,,
ICECREAM_UP_TO_4.8~L4.2~W2.3~H2.26~srd,icecream up to 4.8,17,ICECREAM UP TO 4.8,srd,4.2,2.3,2.26,SRD,SRD,4885.576294,4797.81,1.796,ACCEPTED,,GROUP_DIFF 130*62MM TAPPING BLOCKS ~ 2 MES line(s) (-87.72),"[DATA] 130*62MM TAPPING BLOCKS: Excel 2 x R234 per size (R936 a double door) vs MES 6 x R68 per size (R816): R60 per size, 1-3 % of the door section."
ICECREAM_UP_TO_4.8~L4.2~W2.3~H2.26~srd,icecream up to 4.8,17,ICECREAM UP TO 4.8,srd,4.2,2.3,2.26,SRD DOOR FITTINGS,SRD DOOR FITTINGS,7003.49804,7003.5,0.0,PASS,,,
ICECREAM_UP_TO_4.8~L4.2~W2.3~H2.26~srd,icecream up to 4.8,17,ICECREAM UP TO 4.8,srd,4.2,2.3,2.26,DRD,,0.0,,,SKIP,,,
ICECREAM_UP_TO_4.8~L4.2~W2.3~H2.26~srd,icecream up to 4.8,17,ICECREAM UP TO 4.8,srd,4.2,2.3,2.26,DRD DOOR FITTINGS,,0.0,,,SKIP,,,
ICECREAM_UP_TO_4.8~L4.2~W2.3~H2.26~srd,icecream up to 4.8,17,ICECREAM UP TO 4.8,srd,4.2,2.3,2.26,SIDES,SIDES,20125.138998,20125.51,0.002,PASS,,,
ICECREAM_UP_TO_4.8~L4.2~W2.3~H2.26~srd,icecream up to 4.8,17,ICECREAM UP TO 4.8,srd,4.2,2.3,2.26,ROOF,ROOF,11458.362439,11458.26,0.001,PASS,,,
ICECREAM_UP_TO_4.8~L4.2~W2.3~H2.26~srd,icecream up to 4.8,17,ICECREAM UP TO 4.8,srd,4.2,2.3,2.26,FLOOR,FLOOR,17398.729677,40637.49,133.566,ACCEPTED,,EXTRA_IN_MES ALU EXTRUTION FLOOR (+23699.49),"[MES] master ALU EXTRUTION FLOOR defaults ON for ICECREAM UP TO 3,2 and UP TO 4.8 and adds R13k-R27k (13 x length m at R428.95); Burt's sheets have no such line or flag."
ICECREAM_UP_TO_4.8~L4.2~W2.3~H2.26~srd,icecream up to 4.8,17,ICECREAM UP TO 4.8,srd,4.2,2.3,2.26,ALUMINIUM,ALUMINIUM,7606.1226,7606.12,0.0,PASS,,,
ICECREAM_UP_TO_4.8~L4.2~W2.3~H2.26~srd,icecream up to 4.8,17,ICECREAM UP TO 4.8,srd,4.2,2.3,2.26,SUB FRAME + LIGHT BOX ASSY,SUB FRAME + LIGHT BOX ASSY,8086.051206,8086.06,0.0,PASS,,,
ICECREAM_UP_TO_4.8~L4.2~W2.3~H2.26~srd,icecream up to 4.8,17,ICECREAM UP TO 4.8,srd,4.2,2.3,2.26,REAR FRAME + FLOOR PLATE,REAR FRAME & FLOOR PLATE,0.0,3592.43,,ACCEPTED,EXTRA_IN_MES,BOTH 3MM 3CR12 FLOOR PLATE (+77.50),"[RULING] Burt gates REAR FRAME + FLOOR PLATE on the DRD flags, so a single-rear-door body carries R0 there; MES always includes the section (R2.4k-R5.5k). Which is right needs Burt/Michael."
ICECREAM_UP_TO_4.8~L4.2~W2.3~H2.26~srd,icecream up to 4.8,17,ICECREAM UP TO 4.8,srd,4.2,2.3,2.26,SPRAY PAINTING,SPRAY PAINTING,750.0,750.0,0.0,PASS,,,
ICECREAM_UP_TO_4.8~L4.2~W2.3~H2.26~srd,icecream up to 4.8,17,ICECREAM UP TO 4.8,srd,4.2,2.3,2.26,REFLEXITE TAPE,REFLEXITE TAPE,192.6,192.6,0.0,PASS,,,
ICECREAM_UP_TO_4.8~L4.8~W2.3~H2.26~as_sheet,icecream up to 4.8,17,ICECREAM UP TO 4.8,as_sheet,4.8,2.3,2.26,FRONT,FRONT,5308.864184,5308.82,0.001,PASS,,,
ICECREAM_UP_TO_4.8~L4.8~W2.3~H2.26~as_sheet,icecream up to 4.8,17,ICECREAM UP TO 4.8,as_sheet,4.8,2.3,2.26,SRD,,0.0,,,SKIP,,,
ICECREAM_UP_TO_4.8~L4.8~W2.3~H2.26~as_sheet,icecream up to 4.8,17,ICECREAM UP TO 4.8,as_sheet,4.8,2.3,2.26,SRD DOOR FITTINGS,,0.0,,,SKIP,,,
ICECREAM_UP_TO_4.8~L4.8~W2.3~H2.26~as_sheet,icecream up to 4.8,17,ICECREAM UP TO 4.8,as_sheet,4.8,2.3,2.26,DRD,DRD,6484.10606,6636.38,2.348,ACCEPTED,,QTY_DIFF 4MM PF PLYWOOD (+320.06),"[DATA] 130*62MM TAPPING BLOCKS: Excel 2 x R234 per size (R936 a double door) vs MES 6 x R68 per size (R816): R60 per size, 1-3 % of the door section."
ICECREAM_UP_TO_4.8~L4.8~W2.3~H2.26~as_sheet,icecream up to 4.8,17,ICECREAM UP TO 4.8,as_sheet,4.8,2.3,2.26,DRD DOOR FITTINGS,DRD DOOR FITTINGS,5576.39503,5232.22,6.172,ACCEPTED,,BOTH 28779 DOOR CAPPING (-323.80),"[DATA] icecream 4.8 door lines: 4MM PF PLYWOOD quantity, 28779 DOOR CAPPING (-R324), 3MM 3CR12 FLOOR PLATE (+R77.50) differ from Burt's sheet (2-6 % of the section) - see the triage."
ICECREAM_UP_TO_4.8~L4.8~W2.3~H2.26~as_sheet,icecream up to 4.8,17,ICECREAM UP TO 4.8,as_sheet,4.8,2.3,2.26,SIDES,SIDES,22919.33683,22919.76,0.002,PASS,,,
ICECREAM_UP_TO_4.8~L4.8~W2.3~H2.26~as_sheet,icecream up to 4.8,17,ICECREAM UP TO 4.8,as_sheet,4.8,2.3,2.26,ROOF,ROOF,13063.260037,13063.15,0.001,PASS,,,
ICECREAM_UP_TO_4.8~L4.8~W2.3~H2.26~as_sheet,icecream up to 4.8,17,ICECREAM UP TO 4.8,as_sheet,4.8,2.3,2.26,FLOOR,FLOOR,19829.852183,46665.73,135.331,ACCEPTED,,EXTRA_IN_MES ALU EXTRUTION FLOOR (+27045.30),"[MES] master ALU EXTRUTION FLOOR defaults ON for ICECREAM UP TO 3,2 and UP TO 4.8 and adds R13k-R27k (13 x length m at R428.95); Burt's sheets have no such line or flag."
ICECREAM_UP_TO_4.8~L4.8~W2.3~H2.26~as_sheet,icecream up to 4.8,17,ICECREAM UP TO 4.8,as_sheet,4.8,2.3,2.26,ALUMINIUM,ALUMINIUM,8347.6146,8347.61,0.0,PASS,,,
ICECREAM_UP_TO_4.8~L4.8~W2.3~H2.26~as_sheet,icecream up to 4.8,17,ICECREAM UP TO 4.8,as_sheet,4.8,2.3,2.26,SUB FRAME + LIGHT BOX ASSY,SUB FRAME + LIGHT BOX ASSY,8377.651206,8377.66,0.0,PASS,,,
ICECREAM_UP_TO_4.8~L4.8~W2.3~H2.26~as_sheet,icecream up to 4.8,17,ICECREAM UP TO 4.8,as_sheet,4.8,2.3,2.26,REAR FRAME + FLOOR PLATE,REAR FRAME & FLOOR PLATE,3514.937744,3592.43,2.205,ACCEPTED,,BOTH 3MM 3CR12 FLOOR PLATE (+77.50),"[DATA] icecream 4.8 door lines: 4MM PF PLYWOOD quantity, 28779 DOOR CAPPING (-R324), 3MM 3CR12 FLOOR PLATE (+R77.50) differ from Burt's sheet (2-6 % of the section) - see the triage."
ICECREAM_UP_TO_4.8~L4.8~W2.3~H2.26~as_sheet,icecream up to 4.8,17,ICECREAM UP TO 4.8,as_sheet,4.8,2.3,2.26,SPRAY PAINTING,SPRAY PAINTING,750.0,750.0,0.0,PASS,,,
ICECREAM_UP_TO_4.8~L4.8~W2.3~H2.26~as_sheet,icecream up to 4.8,17,ICECREAM UP TO 4.8,as_sheet,4.8,2.3,2.26,REFLEXITE TAPE,REFLEXITE TAPE,214.2,214.2,0.0,PASS,,,
ICECREAM_UP_TO_4.8~L4.8~W2.3~H2.26~srd,icecream up to 4.8,17,ICECREAM UP TO 4.8,srd,4.8,2.3,2.26,FRONT,FRONT,5308.864184,5308.82,0.001,PASS,,,
ICECREAM_UP_TO_4.8~L4.8~W2.3~H2.26~srd,icecream up to 4.8,17,ICECREAM UP TO 4.8,srd,4.8,2.3,2.26,SRD,SRD,4885.576294,4797.81,1.796,ACCEPTED,,GROUP_DIFF 130*62MM TAPPING BLOCKS ~ 2 MES line(s) (-87.72),"[DATA] 130*62MM TAPPING BLOCKS: Excel 2 x R234 per size (R936 a double door) vs MES 6 x R68 per size (R816): R60 per size, 1-3 % of the door section."
ICECREAM_UP_TO_4.8~L4.8~W2.3~H2.26~srd,icecream up to 4.8,17,ICECREAM UP TO 4.8,srd,4.8,2.3,2.26,SRD DOOR FITTINGS,SRD DOOR FITTINGS,7003.49804,7003.5,0.0,PASS,,,
ICECREAM_UP_TO_4.8~L4.8~W2.3~H2.26~srd,icecream up to 4.8,17,ICECREAM UP TO 4.8,srd,4.8,2.3,2.26,DRD,,0.0,,,SKIP,,,
ICECREAM_UP_TO_4.8~L4.8~W2.3~H2.26~srd,icecream up to 4.8,17,ICECREAM UP TO 4.8,srd,4.8,2.3,2.26,DRD DOOR FITTINGS,,0.0,,,SKIP,,,
ICECREAM_UP_TO_4.8~L4.8~W2.3~H2.26~srd,icecream up to 4.8,17,ICECREAM UP TO 4.8,srd,4.8,2.3,2.26,SIDES,SIDES,22919.33683,22919.76,0.002,PASS,,,
ICECREAM_UP_TO_4.8~L4.8~W2.3~H2.26~srd,icecream up to 4.8,17,ICECREAM UP TO 4.8,srd,4.8,2.3,2.26,ROOF,ROOF,13063.260037,13063.15,0.001,PASS,,,
ICECREAM_UP_TO_4.8~L4.8~W2.3~H2.26~srd,icecream up to 4.8,17,ICECREAM UP TO 4.8,srd,4.8,2.3,2.26,FLOOR,FLOOR,19829.852183,46665.73,135.331,ACCEPTED,,EXTRA_IN_MES ALU EXTRUTION FLOOR (+27045.30),"[MES] master ALU EXTRUTION FLOOR defaults ON for ICECREAM UP TO 3,2 and UP TO 4.8 and adds R13k-R27k (13 x length m at R428.95); Burt's sheets have no such line or flag."
ICECREAM_UP_TO_4.8~L4.8~W2.3~H2.26~srd,icecream up to 4.8,17,ICECREAM UP TO 4.8,srd,4.8,2.3,2.26,ALUMINIUM,ALUMINIUM,8347.6146,8347.61,0.0,PASS,,,
ICECREAM_UP_TO_4.8~L4.8~W2.3~H2.26~srd,icecream up to 4.8,17,ICECREAM UP TO 4.8,srd,4.8,2.3,2.26,SUB FRAME + LIGHT BOX ASSY,SUB FRAME + LIGHT BOX ASSY,8377.651206,8377.66,0.0,PASS,,,
ICECREAM_UP_TO_4.8~L4.8~W2.3~H2.26~srd,icecream up to 4.8,17,ICECREAM UP TO 4.8,srd,4.8,2.3,2.26,REAR FRAME + FLOOR PLATE,REAR FRAME & FLOOR PLATE,0.0,3592.43,,ACCEPTED,EXTRA_IN_MES,BOTH 3MM 3CR12 FLOOR PLATE (+77.50),"[RULING] Burt gates REAR FRAME + FLOOR PLATE on the DRD flags, so a single-rear-door body carries R0 there; MES always includes the section (R2.4k-R5.5k). Which is right needs Burt/Michael."
ICECREAM_UP_TO_4.8~L4.8~W2.3~H2.26~srd,icecream up to 4.8,17,ICECREAM UP TO 4.8,srd,4.8,2.3,2.26,SPRAY PAINTING,SPRAY PAINTING,750.0,750.0,0.0,PASS,,,
ICECREAM_UP_TO_4.8~L4.8~W2.3~H2.26~srd,icecream up to 4.8,17,ICECREAM UP TO 4.8,srd,4.8,2.3,2.26,REFLEXITE TAPE,REFLEXITE TAPE,214.2,214.2,0.0,PASS,,,
