trailer_id,trailer,is_active,bom_id,bom_section,formula_expression,unit_price_override,price_updated_at
1,ADV VACUUM PANELS,f,12,SRD,height*1.22*0*2,,
10,CHESTER SPEC MEAT BODY,f,1160,SRD,1.22*2.44*0*2,,
11,"SMALL MEAT BODY UP TO 5,2 [deleted-11]",f,1298,SRD,1.22*2.44*0*2,,
12,MEAT HANGER LARGE,t,5851,SRD,1.22*2.44*2,,
16,ICECREAM BODY SMALL,t,5726,SRD,((2.44*1.22)*{SRD PU})*2,4100,
17,ICECREAM BODY MEDIUM,t,5585,SRD,(1.22*2.44*{SRD PU}/2.98)*(1.22*2.44)*2,,2026-09-04 14:32:34.811001+02
18,ICECREAM BODY LARGE,t,5306,SRD,(1.22*2.44*{SRD PU}/2.98)*(1.22*2.44)*2,4100,2026-09-28 13:16:58.851513+02
19,FREEZER 2.3 METER,t,3576,SRD,(1.22*2.44*{SRD PU}/2.98)*(1.22*2.44)*2,4100,2026-09-28 13:16:58.851513+02
20,FREEZER MEDIUM,t,2415,SRD,(1.22*2.44*{SRD PU}/2.98)*(1.22*2.44)*2,4100,2026-09-28 13:16:58.851513+02
21,FREEZER LARGE,t,2560,SRD,(1.22*2.44*{SRD PU}/2.98)*(1.22*2.44)*2,4100,2026-09-28 13:16:58.851513+02
22,EXPLOSIVE UP TO 2.7 [deleted-22],f,4330,SRD,1.22*2.44*0*2,,
23,EXPLOSIVE 2.7 TO 4.8 OLD [deleted-23],f,4078,SRD,2.44*1.22*0*2,,
24,EXPLOSIVE 4.9 AND UP,t,3948,SRD,(1.22*2.44*{SRD PU}/2.98)*(1.22*2.44)*2,4100,2026-09-28 13:16:58.851513+02
25,CHILLER 2.3 METER,t,3699,SRD,(1.22*2.44*{SRD PU}/2.98)*(1.22*2.44),3090,
26,CHILLER MEDIUM,t,3179,SRD,(1.22*2.44*{SRD PU}/2.98)*(1.22*2.44)*2,3090,2026-09-28 13:16:58.851513+02
27,CHILLER LARGE,t,3319,SRD,(1.22*2.44*{SRD PU}/2.98)*(1.22*2.44)*2,3090,2026-09-28 13:16:58.851513+02
28,EXPLOSIVE UP TO 2.7 [deleted-28],f,4452,SRD,1.22*2.44*0*2,,
29,EXPLOSIVE UP TO 2.7 [deleted-29],f,4574,SRD,1.22*2.44*0*2,,
30,EXPLOSIVE UP TO 2.7 [deleted-30],f,4696,SRD,1.22*2.44*0*2,,
31,EXPLOSIVE UP TO 2.7 [deleted-31],f,4818,SRD,1.22*2.44*0*2,,
32,EXPLOSIVE UP TO 2.7 [deleted-32],f,4940,SRD,1.22*2.44*0*2,,
33,EXPLOSIVE UP TO 2.7 [deleted-33],f,5062,SRD,1.22*2.44*0*2,,
34,EXPLOSIVE UP TO 2.7,t,5184,SRD,(1.22*2.44*{SRD PU}/2.98)*(1.22*2.44)*2,4100,2026-09-28 13:16:58.851513+02
35,"SMALL MEAT BODY UP TO 5,2 [deleted-35]",f,6005,SRD,1.22*2.44*0*2,,
36,MEAT HANGER SMALL-MEDIUM,t,6159,SRD,1.22*2.44*2,,
37,EXPLOSIVE 2.7 TO 4.8,t,6345,SRD,(1.22*2.44*{SRD PU}/2.98)*(1.22*2.44)*2,4100,2026-09-28 13:16:58.851513+02
