id,bom_id,trailer_type_name,material_name,old_price,new_price,changed_at,batch_at
48,3940,EXPLOSIVE 4.9 AND UP,PU,246.485,180.83,2026-08-18 08:46:42.722113,2026-08-18 08:46:42.722113
49,3974,EXPLOSIVE 4.9 AND UP,PU,246.485,180.83,2026-08-18 08:47:23.790736,2026-08-18 08:47:23.790736
168,3940,EXPLOSIVE 4.9 AND UP,PU,180.83,172.01508724832217,2026-09-04 08:42:18.497914,2026-09-04 08:42:18.497914
169,3974,EXPLOSIVE 4.9 AND UP,PU,180.83,172.01508724832217,2026-09-04 08:42:18.497914,2026-09-04 08:42:18.497914
170,3996,EXPLOSIVE 4.9 AND UP,PU,180.825591,172.01508724832217,2026-09-04 08:42:18.497914,2026-09-04 08:42:18.497914
171,4005,EXPLOSIVE 4.9 AND UP,PU,180.825591,172.01508724832217,2026-09-04 08:42:18.497914,2026-09-04 08:42:18.497914
221,3940,EXPLOSIVE 4.9 AND UP,PU,172.01508724832217,234.15,2026-09-22 13:09:26.104551,2026-09-22 13:09:26.104551
222,3974,EXPLOSIVE 4.9 AND UP,PU,172.01508724832217,234.15,2026-09-22 13:10:06.731436,2026-09-22 13:10:06.731436
223,3996,EXPLOSIVE 4.9 AND UP,PU,172.01508724832217,234.15,2026-09-22 13:10:35.813691,2026-09-22 13:10:35.813691
224,4005,EXPLOSIVE 4.9 AND UP,PU,172.01508724832217,234.15,2026-09-22 13:10:53.551136,2026-09-22 13:10:53.551136
