node,type,label,selection_mode,selection_value,source_key,flag_value,binding,parent,parent_label,parent_mode
17,category,FLOOR,,,FLOOR,0,,node-31,FLOOR,
18,flag,FLOOR EPS,,,,0,5711,node-32,FLOOR INSULATION,
19,flag,FLOOR PU,,,,0,5712,node-32,FLOOR INSULATION,
20,flag,ALU EXTRUTION FLOOR,,,,0,5713,node-33,FLOOR TYPE,
21,flag,RICE GRAIN ALU FLOOR,,,,0,5714,node-33,FLOOR TYPE,
22,flag,1ST ROW ALU KICK PLATE,,,,0,5715,node-33,FLOOR TYPE,
23,flag,2ND ROW ALU KICK PLATE,,,,0,5716,node-33,FLOOR TYPE,
24,category,ALUMINIUM,,,ALUMINIUM,0,,,,
node-31,folder,FLOOR,,0,,0,,,,
node-32,folder,FLOOR INSULATION,,0,,0,,node-31,FLOOR,
node-33,folder,FLOOR TYPE,,0,,0,,node-31,FLOOR,
node-37,flag,12MM PF PLYWOOD,,0,,1,,node-33,FLOOR TYPE,
node-38,flag,9MM BIRCH PLYWOOD,,0,,0,,node-33,FLOOR TYPE,
node-49,category,REAR FRAME & FLOOR PLATE,container,0,REAR FRAME & FLOOR PLATE,0,,node-29,DRD DOORS,
node-50,flag,12MM FINN PLYWOOD,,0,,0,,node-33,FLOOR TYPE,
