class,sheet,row,section,desc_old,desc_new,price_old,price_new,note
REFUSED (Michael's ruling),Manni RIGIDS CB,31,FRONT,RHINO PANEL,RHINO PANEL,272.27,263.65,
REFUSED (Michael's ruling),Manni RIGIDS CB,32,FRONT,PU INJECTION,PU INJECTION,56.61904761904762,56.61904761904762,
REFUSED (Michael's ruling),Manni RIGIDS CB,33,FRONT,FRIDGE FRAME LVL,FRIDGE FRAME LVL,130.54545454545453,148.72727272727272,
REFUSED (Michael's ruling),Manni RIGIDS CB,34,FRONT,58MM PICTURE FRAME,58MM PICTURE FRAME,130.54545454545453,148.72727272727272,
REFUSED (Michael's ruling),Manni RIGIDS CB,35,FRONT,Rhinotex Bioshield,Rhinotex Bioshield,267.84,272.27,
REFUSED (Michael's ruling),Manni RIGIDS CB,43,SRD,WOVEX SKIN,WOVEX SKIN,272.27,263.65,
REFUSED (Michael's ruling),Manni RIGIDS CB,45,SRD,WOVEX SKIN,WOVEX SKIN,267.84,272.27,
REFUSED (Michael's ruling),Manni RIGIDS CB,54,DOOR FITTINGS,28779 DOOR CAPPING,28779 DOOR CAPPING,149.08,149.08,
REFUSED (Michael's ruling),Manni RIGIDS CB,55,DOOR FITTINGS,28777 DOOR CAPPING,28777 DOOR CAPPING,132.13,132.13,
REFUSED (Michael's ruling),Manni RIGIDS CB,56,DOOR FITTINGS,2316 DOOR RUBBER,2316 DOOR RUBBER,24.72,24.72,
REFUSED (Michael's ruling),Manni RIGIDS CB,57,DOOR FITTINGS,2317 DOOR RUBBER,2317 DOOR RUBBER,60.18,60.18,
REFUSED (Michael's ruling),Manni RIGIDS CB,75,DRD,RHINO PANEL,RHINO PANEL,272.27,263.65,
REFUSED (Michael's ruling),Manni RIGIDS CB,76,DRD,PU INJECTION,PU INJECTION,56.61904761904762,56.61904761904762,
REFUSED (Michael's ruling),Manni RIGIDS CB,77,DRD,Rhinotex Bioshield,Rhinotex Bioshield,267.84,272.27,
REFUSED (Michael's ruling),Manni RIGIDS CB,86,DOOR FITTINGS,28779 DOOR CAPPING,28779 DOOR CAPPING,149.08,149.08,
REFUSED (Michael's ruling),Manni RIGIDS CB,87,DOOR FITTINGS,28777 DOOR CAPPING,28777 DOOR CAPPING,132.13,132.13,
REFUSED (Michael's ruling),Manni RIGIDS CB,88,DOOR FITTINGS,2316 DOOR RUBBER,2316 DOOR RUBBER,24.72,24.72,
REFUSED (Michael's ruling),Manni RIGIDS CB,89,DOOR FITTINGS,2317 DOOR RUBBER,2317 DOOR RUBBER,60.18,60.18,
REFUSED (Michael's ruling),Manni RIGIDS CB,103,SIDES,WOVEX SKIN,WOVEX SKIN,272.27,263.65,
REFUSED (Michael's ruling),Manni RIGIDS CB,104,SIDES,PU INJECTION,PU INJECTION,56.61904761904762,56.61904761904762,
REFUSED (Michael's ruling),Manni RIGIDS CB,105,SIDES,LVL BOTTOM BEAM,LVL BOTTOM BEAM,130.54545454545453,148.72727272727272,
REFUSED (Michael's ruling),Manni RIGIDS CB,106,SIDES,WOVEX SKIN,WOVEX SKIN,267.84,272.27,
REFUSED (Michael's ruling),Manni RIGIDS CB,113,ROOF,WOVEX SKIN,WOVEX SKIN,240.09,213.11,
REFUSED (Michael's ruling),Manni RIGIDS CB,114,ROOF,PU INJECTION,PU INJECTION,56.61904761904762,56.61904761904762,
REFUSED (Michael's ruling),Manni RIGIDS CB,115,ROOF,WOVEX SKIN,WOVEX SKIN,267.84,272.27,
REFUSED (Michael's ruling),Manni RIGIDS CB,122,FLOOR,WOVEX SKIN,WOVEX SKIN,272.27,222.76,
REFUSED (Michael's ruling),Manni RIGIDS CB,124,FLOOR,PLYWOOD,PLYWOOD,725,735,
REFUSED (Michael's ruling),Manni RIGIDS CB,125,FLOOR,18MM FINN PLY FLOOR,18MM FINN PLY FLOOR,667.7852348993289,375.83892617449663,
REFUSED (Michael's ruling),Manni RIGIDS CB,126,FLOOR,12MM FINN PLY FLOOR,12MM FINN PLY FLOOR,1055,798,
REFUSED (Michael's ruling),Manni RIGIDS CB,132,FLOOR,76*50 LVL BEAMS,76*50 LVL BEAMS,130.54545454545453,148.72727272727272,
REFUSED (Michael's ruling),Manni RIGIDS CB,133,FLOOR,2*300 INT LAMINATION,2*300 INT LAMINATION,100.30799999999999,50.153999999999996,
REFUSED (Michael's ruling),Manni Bakkie Rigids,31,FRONT,RHINO PANEL,RHINO PANEL,272.27,263.65,
REFUSED (Michael's ruling),Manni Bakkie Rigids,33,FRONT,FRIDGE FRAME LVL,FRIDGE FRAME LVL,130.54545454545453,148.72727272727272,
REFUSED (Michael's ruling),Manni Bakkie Rigids,34,FRONT,EVAPORATOR LVL BEAMS IN ROOF,EVAPORATOR LVL BEAMS IN ROOF,130.54545454545453,148.72727272727272,
REFUSED (Michael's ruling),Manni Bakkie Rigids,35,FRONT,Rhinotex Bioshield,Rhinotex Bioshield,267.84,272.27,
REFUSED (Michael's ruling),Manni Bakkie Rigids,43,SRD,WOVEX SKIN,WOVEX SKIN,272.27,263.65,
REFUSED (Michael's ruling),Manni Bakkie Rigids,45,SRD,WOVEX SKIN,WOVEX SKIN,267.84,272.27,
REFUSED (Michael's ruling),Manni Bakkie Rigids,75,DRD,RHINO PANEL,RHINO PANEL,272.27,263.65,
REFUSED (Michael's ruling),Manni Bakkie Rigids,77,DRD,Rhinotex Bioshield,Rhinotex Bioshield,267.84,272.27,
REFUSED (Michael's ruling),Manni Bakkie Rigids,103,SIDES,WOVEX SKIN,WOVEX SKIN,272.27,263.65,
REFUSED (Michael's ruling),Manni Bakkie Rigids,105,SIDES,LVL BOTTOM BEAM,LVL BOTTOM BEAM,130.54545454545453,148.72727272727272,
REFUSED (Michael's ruling),Manni Bakkie Rigids,106,SIDES,WOVEX SKIN,WOVEX SKIN,267.84,272.27,
REFUSED (Michael's ruling),Manni Bakkie Rigids,113,ROOF,WOVEX SKIN,WOVEX SKIN,240.09,222.76,
REFUSED (Michael's ruling),Manni Bakkie Rigids,115,ROOF,WOVEX SKIN,WOVEX SKIN,267.84,272.27,
REFUSED (Michael's ruling),Manni Bakkie Rigids,122,FLOOR,WOVEX SKIN,WOVEX SKIN,240.09,222.76,
REFUSED (Michael's ruling),Manni Bakkie Rigids,124,FLOOR,6MM PHENOL PLY FLOOR,6MM PHENOL PLY FLOOR,95.63758389261746,86.57718120805369,
REFUSED (Michael's ruling),Manni Bakkie Rigids,125,FLOOR,6MM FINN PLY FLOOR,6MM FINN PLY FLOOR,234.73154362416108,171.14093959731542,
REFUSED (Michael's ruling),Manni Bakkie Rigids,131,FLOOR,76(50)*50 LVL BEAMS,76(50)*50 LVL BEAMS,112.45283018867924,106.79245283018868,
REFUSED (Michael's ruling),Manni Bakkie Rigids,132,FLOOR,2*300 INT LAMINATION,2*300 INT LAMINATION,100.30799999999999,50.153999999999996,
REFUSED (Michael's ruling),Manni RIGIDS FB,31,FRONT,RHINO PANEL,RHINO PANEL,272.27,193.11,
REFUSED (Michael's ruling),Manni RIGIDS FB,32,FRONT,PU INJECTION,PU INJECTION,56.61904761904762,56.61904761904762,
REFUSED (Michael's ruling),Manni RIGIDS FB,33,FRONT,FRIDGE FRAME LVL,FRIDGE FRAME LVL,130.54545454545453,148.72727272727272,
REFUSED (Michael's ruling),Manni RIGIDS FB,34,FRONT,Rhinotex Bioshield,Rhinotex Bioshield,267.84,0,
REFUSED (Michael's ruling),Manni RIGIDS FB,42,SRD,WOVEX SKIN,WOVEX SKIN,272.27,193.11,
REFUSED (Michael's ruling),Manni RIGIDS FB,44,SRD,WOVEX SKIN,WOVEX SKIN,267.84,0,
REFUSED (Michael's ruling),Manni RIGIDS FB,53,DOOR FITTINGS,28779 DOOR CAPPING,28779 DOOR CAPPING,149.08,149.08,
REFUSED (Michael's ruling),Manni RIGIDS FB,54,DOOR FITTINGS,28777 DOOR CAPPING,28777 DOOR CAPPING,132.13,132.13,
REFUSED (Michael's ruling),Manni RIGIDS FB,55,DOOR FITTINGS,2316 DOOR RUBBER,2316 DOOR RUBBER,24.72,24.72,
REFUSED (Michael's ruling),Manni RIGIDS FB,56,DOOR FITTINGS,2317 DOOR RUBBER,2317 DOOR RUBBER,60.18,60.18,
REFUSED (Michael's ruling),Manni RIGIDS FB,74,DRD,RHINO PANEL,RHINO PANEL,272.27,193.11,
REFUSED (Michael's ruling),Manni RIGIDS FB,75,DRD,PU INJECTION,PU INJECTION,56.61904761904762,56.61904761904762,
REFUSED (Michael's ruling),Manni RIGIDS FB,76,DRD,Rhinotex Bioshield,Rhinotex Bioshield,267.84,0,
REFUSED (Michael's ruling),Manni RIGIDS FB,85,DOOR FITTINGS,28779 DOOR CAPPING,28779 DOOR CAPPING,149.08,149.08,
REFUSED (Michael's ruling),Manni RIGIDS FB,86,DOOR FITTINGS,28777 DOOR CAPPING,28777 DOOR CAPPING,132.13,132.13,
REFUSED (Michael's ruling),Manni RIGIDS FB,87,DOOR FITTINGS,2316 DOOR RUBBER,2316 DOOR RUBBER,24.72,24.72,
REFUSED (Michael's ruling),Manni RIGIDS FB,88,DOOR FITTINGS,2317 DOOR RUBBER,2317 DOOR RUBBER,60.18,60.18,
REFUSED (Michael's ruling),Manni RIGIDS FB,102,SIDES,WOVEX SKIN,WOVEX SKIN,272.27,193.11,
REFUSED (Michael's ruling),Manni RIGIDS FB,103,SIDES,PU INJECTION,PU INJECTION,56.61904761904762,56.61904761904762,
REFUSED (Michael's ruling),Manni RIGIDS FB,104,SIDES,LVL BOTTOM BEAM,LVL BOTTOM BEAM,130.54545454545453,148.72727272727272,
REFUSED (Michael's ruling),Manni RIGIDS FB,105,SIDES,WOVEX SKIN,WOVEX SKIN,267.84,0,
REFUSED (Michael's ruling),Manni RIGIDS FB,112,ROOF,WOVEX SKIN,WOVEX SKIN,240.09,193.11,
REFUSED (Michael's ruling),Manni RIGIDS FB,113,ROOF,PU INJECTION,PU INJECTION,56.61904761904762,56.61904761904762,
REFUSED (Michael's ruling),Manni RIGIDS FB,114,ROOF,WOVEX SKIN,WOVEX SKIN,267.84,0,
REFUSED (Michael's ruling),Manni RIGIDS FB,121,FLOOR,WOVEX SKIN,WOVEX SKIN,272.27,193.11,
REFUSED (Michael's ruling),Manni RIGIDS FB,123,FLOOR,PLYWOOD,PLYWOOD,725,735,
REFUSED (Michael's ruling),Manni RIGIDS FB,124,FLOOR,18MM FINN PLY FLOOR,18MM FINN PLY FLOOR,671.1409395973154,454.6979865771812,
REFUSED (Michael's ruling),Manni RIGIDS FB,125,FLOOR,12MM FINN PLY FLOOR,12MM FINN PLY FLOOR,1055,798,
REFUSED (Michael's ruling),Manni RIGIDS FB,126,FLOOR,RICE GRAIN FLOOR,RICE GRAIN FLOOR,3163.1493506493507,3163.1493506493507,
REFUSED (Michael's ruling),Manni RIGIDS FB,127,FLOOR,ALU KICK PLATES,ALU KICK PLATES,496.05,496.05,
REFUSED (Michael's ruling),Manni RIGIDS FB,131,FLOOR,76*50 LVL BEAMS,76*50 LVL BEAMS,130.54545454545453,148.72727272727272,
REFUSED (Michael's ruling),Manni RIGIDS FB,132,FLOOR,2*300 INT LAMINATION,2*300 INT LAMINATION,100.30799999999999,50.153999999999996,
REFUSED (Michael's ruling),Manni RIGIDS FB,133,FLOOR,ANTI-SKID FINAL COAT,ANTI-SKID FINAL COAT,45.821999999999996,45.821999999999996,
REFUSED (Michael's ruling),Manni TRAILERS,31,FRONT,Rhinopanel V2,Crystex V2,272.27,272.27,
REFUSED (Michael's ruling),Manni TRAILERS,33,FRONT,FRIDGE FRAME,FRIDGE FRAME,130.54545454545453,148.72727272727272,
REFUSED (Michael's ruling),Manni TRAILERS,34,FRONT,58MM PICTURE FRAME,58MM PICTURE FRAME,130.54545454545453,148.72727272727272,
REFUSED (Michael's ruling),Manni TRAILERS,35,FRONT,Bioshield 4800,Rhinotex 2100 Bioshield,295.39,295.39,
REFUSED (Michael's ruling),Manni TRAILERS,51,SRD,Rhinopanel V2,Crystex V2,272.27,272.27,
REFUSED (Michael's ruling),Manni TRAILERS,53,SRD,Bioshiled 4800,Rhinotex 2100 Bioshield,295.39,295.39,
REFUSED (Michael's ruling),Manni TRAILERS,83,DRD,Rhinopanel V2,Crystex V2,272.27,272.27,
REFUSED (Michael's ruling),Manni TRAILERS,85,DRD,Bioshield 4800,Rhinitex 2100 Bioshield,295.39,295.39,
REFUSED (Michael's ruling),Manni TRAILERS,111,SIDES,Rhinopanel V2,Crystex V2,272.27,272.27,
REFUSED (Michael's ruling),Manni TRAILERS,113,SIDES,LVL BOTTOM BEAM,LVL BOTTOM BEAM,130.54545454545453,148.72727272727272,
REFUSED (Michael's ruling),Manni TRAILERS,114,SIDES,Bioshield 4800,Rhinotex 2100 Bioshield,295.39,295.39,
REFUSED (Michael's ruling),Manni TRAILERS,121,ROOF,Rhinotex 2400,Rhinotex 1150 BW,240.09,213.11,
REFUSED (Michael's ruling),Manni TRAILERS,123,ROOF,Bioshield 4800,Rhinotex 2100 Bioshield,295.39,295.39,
REFUSED (Michael's ruling),Manni TRAILERS,130,FLOOR,Rhinotex 2400,Rhinotex 1150 BW,272.27,213.11,
REFUSED (Michael's ruling),Manni TRAILERS,132,FLOOR,PLYWOOD,PLYWOOD,725,735,
REFUSED (Michael's ruling),Manni TRAILERS,133,FLOOR,18MM FINN PLY FLOOR,18MM FINN PLY FLOOR,671.1409395973154,454.6979865771812,
REFUSED (Michael's ruling),Manni TRAILERS,134,FLOOR,12MM FINN PLY FLOOR,12MM FINN PLY FLOOR,1055,798,
REFUSED (Michael's ruling),Manni TRAILERS,140,FLOOR,76*50 LVL BEAMS,76*50 LVL BEAMS,130.54545454545453,148.72727272727272,
REFUSED (Michael's ruling),Manni TRAILERS,141,FLOOR,2*300 INT LAMINATION,2*300 INT LAMINATION,100.30799999999999,50.153999999999996,
REFUSED (Michael's ruling),Manni DF,35,?,CHINESE EXTERNAL HIGH GLOSS,CHINESE EXTERNAL HIGH GLOSS,152.23,213.11,
REFUSED (Michael's ruling),Manni DF,36,?,30MM PU INJECTION,30MM PU INJECTION,56.61904761904762,56.61904761904762,
REFUSED (Michael's ruling),Manni DF,37,?,100*19mm PICTURE FRAME,100*19mm PICTURE FRAME,24.760928961748633,25.102459016393443,
REFUSED (Michael's ruling),Manni DF,38,?,CHINESE INTERNAL HIGH IMPACT,CHINESE INTERNAL HIGH IMPACT,193.11,213.11,
REFUSED (Michael's ruling),Manni DF,44,?,CHINESE EXTERNAL HIGH GLOSS,CHINESE EXTERNAL HIGH GLOSS,152.23,213.11,
REFUSED (Michael's ruling),Manni DF,45,?,30MM PU INJECTION,30MM PU INJECTION,56.61904761904762,56.61904761904762,
REFUSED (Michael's ruling),Manni DF,46,?,CHINESE INTERNAL HIGH IMPACT,CHINESE INTERNAL HIGH IMPACT,193.11,213.11,
REFUSED (Michael's ruling),Manni DF,47,?,DOOR BLOCKS,DOOR BLOCKS,525.559,587.119,
REFUSED (Michael's ruling),Manni DF,53,?,CSLB HINGES,CSLB HINGES,146.7300,146.7300,
REFUSED (Michael's ruling),Manni DF,57,?,30258 NEW DOOR CAPPING,30258 NEW DOOR CAPPING,106.14,106.14,
REFUSED (Michael's ruling),Manni DF,58,?,2316 INNER DOOR RUBBER,2316 INNER DOOR RUBBER,24.72,24.72,
REFUSED (Michael's ruling),Manni DF,59,?,2317 OUTER DOOR RUBBER,2317 OUTER DOOR RUBBER,60.18,60.18,
REFUSED (Michael's ruling),Manni DF,61,?,M 10 NYLOCK NUT,M 10 NYLOCK NUT,0.7374,0.7374,
REFUSED (Michael's ruling),Manni DF,72,?,CHINESE EXTERNAL HIGH GLOSS,CHINESE EXTERNAL HIGH GLOSS,152.23,213.11,
REFUSED (Michael's ruling),Manni DF,73,?,30MM PU INJECTION,30MM PU INJECTION,56.61904761904762,56.61904761904762,
REFUSED (Michael's ruling),Manni DF,74,?,CHINESE INTERNAL HIGH IMPACT,CHINESE INTERNAL HIGH IMPACT,193.11,213.11,
REFUSED (Michael's ruling),Manni DF,75,?,DOOR BLOCKS,DOOR BLOCKS,525.559,587.119,
REFUSED (Michael's ruling),Manni DF,93,?,SMALL VERTICAL,SMALL VERTICAL,181.78,181.78,
REFUSED (Michael's ruling),Manni DF,95,?,SILICONE,SILICONE,116.1500,116.1500,
REFUSED (Michael's ruling),Manni DF,96,?,0661-0631 LONG RIVETS,0661-0631 LONG RIVETS,0.5150,0.5150,
REFUSED (Michael's ruling),Manni DF,105,?,CHINESE EXTERNAL HIGH GLOSS,CHINESE EXTERNAL HIGH GLOSS,152.23,213.11,
REFUSED (Michael's ruling),Manni DF,106,?,30MM PU INJECTION,30MM PU INJECTION,56.61904761904762,56.61904761904762,
REFUSED (Michael's ruling),Manni DF,107,?,100*19 PICTURE  FRAME,100*19 PICTURE  FRAME,24.760928961748633,25.102459016393443,
REFUSED (Michael's ruling),Manni DF,108,?,CHINESE INTERNAL HIGH IMPACT,CHINESE INTERNAL HIGH IMPACT,193.11,213.11,
REFUSED (Michael's ruling),Manni DF,114,?,CHINESE EXTERNAL HIGH GLOSS,CHINESE EXTERNAL HIGH GLOSS,152.23,213.11,
REFUSED (Michael's ruling),Manni DF,116,?,CHINESE EXTERNAL HIGH GLOSS,CHINESE EXTERNAL HIGH GLOSS,152.23,213.11,
REFUSED (Michael's ruling),Manni DF,151,?,5MM PLATE,5MM PLATE,3046.86,2326.21,
REFUSED (Michael's ruling),Manni DF,160,?,24 MM WISA TRANS PLYWOOD,24 MM WISA TRANS PLYWOOD,3150,4295,
REFUSED (Michael's ruling),Manni DF,173,?,SMALL VERTICAL,SMALL VERTICAL,149.08,149.08,
REFUSED (Michael's ruling),Manni DF,174,?,0661-0631 RIVETS,0661-0631 RIVETS,0.5150,0.5150,
REFUSED (Michael's ruling),Sheet1,39,3MM3CR12 KICK PLATES,EXT GRP SKIN 2*300 CSM,Rhinotex 1150 BW,213.11,213.11,
REFUSED (Michael's ruling),Sheet1,40,3MM3CR12 KICK PLATES,GLUE LINE,GLUE LINE,28.583333333333332,28.583333333333332,
REFUSED (Michael's ruling),Sheet1,41,3MM3CR12 KICK PLATES,20MM EPS,20MM EPS,41.2,41.2,
REFUSED (Michael's ruling),Sheet1,42,3MM3CR12 KICK PLATES,80 DV UNRETHANE,80 DV UNRETHANE,228.65420134228185,228.65420134228185,
REFUSED (Michael's ruling),Sheet1,43,3MM3CR12 KICK PLATES,GLUE LINE,GLUE LINE,28.583333333333332,28.583333333333332,
REFUSED (Michael's ruling),Sheet1,44,3MM3CR12 KICK PLATES,4 MM PLYWOOD,4 MM PLYWOOD,71.47651006711409,68.79194630872483,
REFUSED (Michael's ruling),Sheet1,45,3MM3CR12 KICK PLATES,GLUE LINE,GLUE LINE,28.583333333333332,28.583333333333332,
REFUSED (Michael's ruling),Sheet1,46,3MM3CR12 KICK PLATES,19MM PHONO BONDED PLYWOOD,19MM PHONO BONDED PLYWOOD,316.77852348993287,223.15436241610738,
REFUSED (Michael's ruling),Sheet1,47,3MM3CR12 KICK PLATES,100*19mm PICTURE FRAME,100*19mm PICTURE FRAME,68.30601092896174,46.27732240437159,
REFUSED (Michael's ruling),Sheet1,48,3MM3CR12 KICK PLATES,INT GRP SKIN 1*450 CSM,Rhinotex 1150 BW,213.11,213.11,
REFUSED (Michael's ruling),Sheet1,54,?,EXT GRP SKIN 2*300 CSM,Rhinotex 1150,213.11,213.11,
REFUSED (Michael's ruling),Sheet1,55,?,GLUE LINE,GLUE LINE,28.583333333333332,28.583333333333332,
REFUSED (Michael's ruling),Sheet1,56,?,20MM EPS,20MM EPS,41.2,41.2,
REFUSED (Michael's ruling),Sheet1,57,?,80DV URETHANE,80DV URETHANE,228.65420134228185,228.65420134228185,
REFUSED (Michael's ruling),Sheet1,58,?,GLUE LINE,GLUE LINE,28.583333333333332,28.583333333333332,
REFUSED (Michael's ruling),Sheet1,59,?,4 MM PLYWOOD,4 MM PLYWOOD,71.47651006711409,68.79194630872483,
REFUSED (Michael's ruling),Sheet1,60,?,GLUE LINE,GLUE LINE,28.583333333333332,28.583333333333332,
REFUSED (Michael's ruling),Sheet1,61,?,19MM PHONO BONDED PLYWWOD,19MM PHONO BONDED PLYWWOD,316.77852348993287,223.15436241610738,
REFUSED (Michael's ruling),Sheet1,62,?,INT GRP SKIN 1*450 CSM,Rhinotex 1150,213.11,213.11,
REFUSED (Michael's ruling),Sheet1,63,?,DOOR BLOCKS,DOOR BLOCKS,264.50775000000004,268.01775000000004,
REFUSED (Michael's ruling),Sheet1,73,?,30258 NEW DOOR CAPPING,30258 NEW DOOR CAPPING,106.14,106.14,
REFUSED (Michael's ruling),Sheet1,74,?,2316 INNER DOOR RUBBER,2316 INNER DOOR RUBBER,24.72,24.72,
REFUSED (Michael's ruling),Sheet1,75,?,2317 OUTER DOOR RUBBER,2317 OUTER DOOR RUBBER,60.18,60.18,
REFUSED (Michael's ruling),Sheet1,88,?,EXT GRP SKIN 2*300 CSM,Rhinotex 1150,213.11,213.11,
REFUSED (Michael's ruling),Sheet1,89,?,GLUE LINE,GLUE LINE,28.583333333333332,28.583333333333332,
REFUSED (Michael's ruling),Sheet1,90,?,20MM EPS,20MM EPS,41.2,41.2,
REFUSED (Michael's ruling),Sheet1,91,?,80 DV URETHANE,80 DV URETHANE,228.65420134228185,228.65420134228185,
REFUSED (Michael's ruling),Sheet1,92,?,GLUE LINE,GLUE LINE,28.583333333333332,28.583333333333332,
REFUSED (Michael's ruling),Sheet1,93,?,4 MM PLYWOOD,4 MM PLYWOOD,71.47651006711409,68.79194630872483,
REFUSED (Michael's ruling),Sheet1,94,?,GLUE LINE,GLUE LINE,28.583333333333332,28.583333333333332,
REFUSED (Michael's ruling),Sheet1,95,?,19MM PHONE BONDED PLYWOOD,19MM PHONE BONDED PLYWOOD,316.77852348993287,223.15436241610738,
REFUSED (Michael's ruling),Sheet1,96,?,INT GRP SKIN 1*450 CSM,Rhinotex 1150,213.11,213.11,
REFUSED (Michael's ruling),Sheet1,97,?,DOOR BLOCKS,DOOR BLOCKS,264.50775000000004,268.01775000000004,
REFUSED (Michael's ruling),Sheet1,106,?,28777 DOOR CAPPING,28777 DOOR CAPPING,106.14,106.14,
REFUSED (Michael's ruling),Sheet1,107,?,30258 NEW DOOR CAPPING,30258 NEW DOOR CAPPING,106.14,106.14,
REFUSED (Michael's ruling),Sheet1,108,?,2136 INNER DOOR RUBBER,2136 INNER DOOR RUBBER,24.72,24.72,
REFUSED (Michael's ruling),Sheet1,109,?,2317 OUTER DOOR RUBBER,2317 OUTER DOOR RUBBER,60.18,60.18,
REFUSED (Michael's ruling),Sheet1,115,?,SMALL VERTICAL,SMALL VERTICAL,149.08,149.08,
REFUSED (Michael's ruling),Sheet1,117,?,SILICONE,SILICONE,116.1500,116.1500,
REFUSED (Michael's ruling),Sheet1,118,?,0661-0631 LONG RIVETS,0661-0631 LONG RIVETS,0.5150,0.5150,
REFUSED (Michael's ruling),Sheet1,127,?,EXT GRP SKIN 2*300 CSM,Rhinotex 1150,213.11,213.11,
REFUSED (Michael's ruling),Sheet1,128,?,GLUE LINE,GLUE LINE,28.583333333333332,28.583333333333332,
REFUSED (Michael's ruling),Sheet1,129,?,20MM EPS,20MM EPS,41.2,41.2,
REFUSED (Michael's ruling),Sheet1,130,?,80 DV URETHANE ,80 DV URETHANE ,228.65420134228185,228.65420134228185,
REFUSED (Michael's ruling),Sheet1,131,?,GLUE LINE,GLUE LINE,28.583333333333332,28.583333333333332,
REFUSED (Michael's ruling),Sheet1,132,?,4 MM PLYWOOD,4 MM PLYWOOD,71.47651006711409,68.79194630872483,
REFUSED (Michael's ruling),Sheet1,133,?,GLUE LINE,GLUE LINE,28.583333333333332,28.583333333333332,
REFUSED (Michael's ruling),Sheet1,134,?,19MM PHENO BONDED PLYWOOD,19MM PHENO BONDED PLYWOOD,316.77852348993287,223.15436241610738,
REFUSED (Michael's ruling),Sheet1,135,?,100*19 PICTURE  FRAME,100*19 PICTURE  FRAME,68.30601092896174,46.27732240437159,
REFUSED (Michael's ruling),Sheet1,136,?,INT GRP SKIN 1*450 CSM,Rhinotex 1150,213.11,213.11,
REFUSED (Michael's ruling),Sheet1,142,?,EXT GRP SKIN 1*450 CSM,Rhinotex 1150,213.11,213.11,
REFUSED (Michael's ruling),Sheet1,143,?,GLUE LINE,GLUE LINE,28.583333333333332,28.583333333333332,
REFUSED (Michael's ruling),Sheet1,144,?,45MM EPS,45MM EPS,92.7,92.7,
REFUSED (Michael's ruling),Sheet1,145,?,80 DV URETHANE,80 DV URETHANE,411.57756241610736,411.57756241610736,
REFUSED (Michael's ruling),Sheet1,146,?,GLUE LINE,GLUE LINE,28.583333333333332,28.583333333333332,
REFUSED (Michael's ruling),Sheet1,147,?,100*45MM PICTURE FRAME,100*45MM PICTURE FRAME,34.958294778384946,34.144961445051614,
REFUSED (Michael's ruling),Sheet1,148,?,INT GRP SKIN 1*450 CSM,Rhinotex 1150,213.11,213.11,
REFUSED (Michael's ruling),Sheet1,154,?,5MM BEND UP SUB FRAME,5MM BEND UP SUB FRAME,243,243,
REFUSED (Michael's ruling),Sheet1,155,?,80*50*3 CROSSMEMEBERS,80*50*3 CROSSMEMEBERS,124.68,124.68,
REFUSED (Michael's ruling),Sheet1,156,?,2MM PLATE,2MM PLATE,2765,2765,
REFUSED (Michael's ruling),Sheet1,163,?,4 MM BEND UP SUB FRAME,4 MM BEND UP SUB FRAME,243,243,
REFUSED (Michael's ruling),Sheet1,164,?,80*50*3 CROSSMEMBERS,80*50*3 CROSSMEMBERS,124.68,124.68,
REFUSED (Michael's ruling),Sheet1,165,?,3MM PLATE,3MM PLATE,4345,4345,
REFUSED (Michael's ruling),Sheet1,172,?,4 MM BEND UP SUB FRAME,4 MM BEND UP SUB FRAME,243,243,
REFUSED (Michael's ruling),Sheet1,173,?,80*50*3 CROSSMEMBERS,80*50*3 CROSSMEMBERS,124.68,124.68,
REFUSED (Michael's ruling),Sheet1,174,?,3MM PLATE,3MM PLATE,1145.56,1145.56,
REFUSED (Michael's ruling),Sheet1,182,?,4 MM BEND UP SUB FRAME,4 MM BEND UP SUB FRAME,243,243,
REFUSED (Michael's ruling),Sheet1,183,?,80*50*3 CROSSMEMBERS,80*50*3 CROSSMEMBERS,124.68,124.68,
REFUSED (Michael's ruling),Sheet1,184,?,4MM PLATE,4MM PLATE,2326.21,2326.21,
REFUSED (Michael's ruling),Sheet1,192,?,4 MM BEND UP SUB FRAME,4 MM BEND UP SUB FRAME,243,243,
REFUSED (Michael's ruling),Sheet1,193,?,80*50*3 CROSSMEMBERS,80*50*3 CROSSMEMBERS,124.68,124.68,
REFUSED (Michael's ruling),Sheet1,194,?,5MM PLATE,5MM PLATE,3046.86,3046.86,
REFUSED (Michael's ruling),Sheet1,201,?,4 MM BEND UP SUB FRAME,4 MM BEND UP SUB FRAME,243,243,
REFUSED (Michael's ruling),Sheet1,202,?,80*50*3 CROSSMEMBERS,80*50*3 CROSSMEMBERS,124.68,124.68,
REFUSED (Michael's ruling),Sheet1,204,?,24 MM WISA TRANS FLOOR,24 MM WISA TRANS FLOOR,4295,4295,
REFUSED (Michael's ruling),Sheet1,218,?,SMALL HORIZONTALE,SMALL HORIZONTALE,203.25,203.25,
REFUSED (Michael's ruling),Sheet1,219,?,SMALL VERTICAL,SMALL VERTICAL,149.08,149.08,
REFUSED (Michael's ruling),Sheet1,220,?,0661-0631 RIVETS,0661-0631 RIVETS,0.5150,0.5150,
REFUSED (Michael's ruling),Sheet1,221,?,SILPLUS X-WHITE ,SILPLUS X-WHITE ,116.1500,116.1500,
REFUSED (Michael's ruling),Sheet1,223,?,M10*40 CUP SQ BOLTS,M10*40 CUP SQ BOLTS,1.5,1.5,
REFUSED (Michael's ruling),Sheet1,224,?,M10 NYLOCK NUT,M10 NYLOCK NUT,0.7374,0.7374,
REFUSED (Michael's ruling),Sheet1,253,?,TAPE,TAPE,18.0000,18.0000,
REFUSED (Michael's ruling),Sheet1,274,PAINTING OF SUB FRAME + REAR FRAME,"120*1,2 MM GLAV BACKING PLATE","120*1,2 MM GLAV BACKING PLATE",89.63300000000001,89.63300000000001,
REFUSED (Michael's ruling),Sheet1,275,PAINTING OF SUB FRAME + REAR FRAME,LOAD LOCK RAIL,LOAD LOCK RAIL,70.0000,70.0000,
REFUSED (Michael's ruling),Sheet1,276,PAINTING OF SUB FRAME + REAR FRAME,RIVETS BACKING PLATE,RIVETS BACKING PLATE,0.2798,0.2798,
REFUSED (Michael's ruling),Sheet1,277,PAINTING OF SUB FRAME + REAR FRAME,RIVETS LOAD LOCK RAIL,RIVETS LOAD LOCK RAIL,0.2798,0.2798,
REFUSED (Michael's ruling),Sheet1,284,?,2MM 3 CR12 PLATE,2MM 3 CR12 PLATE,128,128,
REFUSED (Michael's ruling),Sheet1,285,?,RIVETS,RIVETS,0.2798,0.2798,
REFUSED (Michael's ruling),Sheet1,301,NOSE CONE,2 mm 3 CR 12 plate,2 mm 3 CR 12 plate,192,192,
REFUSED (Michael's ruling),Sheet1,302,NOSE CONE,silicone,silicone,116.1500,116.1500,
REFUSED (Michael's ruling),Sheet1,303,NOSE CONE,rivets,rivets,0.2798,0.2798,
REFUSED (Michael's ruling),Sheet1,310,?,3 mm 3 CR 12 plate,3 mm 3 CR 12 plate,482.77777777777777,482.77777777777777,
REFUSED (Michael's ruling),Sheet1,311,?,silicone,silicone,116.1500,116.1500,
REFUSED (Michael's ruling),Sheet1,312,?,rivets,rivets,0.2798,0.2798,
UNMAPPED SHEET (falls away),AELER PANELS,18,?,WOVEX SKIN,Rhinotex 1375 BW,212.8,226.67,no MES body for AELER PANELS
UNMAPPED SHEET (falls away),AELER PANELS,19,?,30MM PU INJECTION,30MM PU INJECTION,56.61904761904762,56.61904761904762,no MES body for AELER PANELS
UNMAPPED SHEET (falls away),AELER PANELS,20,?,WOVEX SKIN,Rhinotex 1375 Bioshield,269.05,235.97,no MES body for AELER PANELS
UNMAPPED SHEET (falls away),AELER PANELS,26,?,WOVEX SKIN,Rhinotex 1375 BW,212.8,226.67,no MES body for AELER PANELS
UNMAPPED SHEET (falls away),AELER PANELS,27,?,30MM PU INJECTION,30MM PU INJECTION,56.61904761904762,56.61904761904762,no MES body for AELER PANELS
UNMAPPED SHEET (falls away),AELER PANELS,28,?,WOVEX SKIN,Rhinotex 1375 Bioshield,269.05,235.97,no MES body for AELER PANELS
UNMAPPED SHEET (falls away),AELER PANELS,36,?,WOVEX SKIN,Rhinotex 1375 BW,212.8,226.67,no MES body for AELER PANELS
UNMAPPED SHEET (falls away),AELER PANELS,37,?,30MM PU INJECTION,30MM PU INJECTION,56.61904761904762,56.61904761904762,no MES body for AELER PANELS
UNMAPPED SHEET (falls away),AELER PANELS,38,?,WOVEX SKIN,Rhinotex 2100 Bioshield,269.05,278.87,no MES body for AELER PANELS
UNMAPPED SHEET (falls away),AELER PANELS,44,?,WOVEX SKIN,Rhinotex 1375 BW,212.8,226.67,no MES body for AELER PANELS
UNMAPPED SHEET (falls away),AELER PANELS,45,?,45MM PU INJECTION,45MM PU INJECTION,56.61904761904762,56.61904761904762,no MES body for AELER PANELS
UNMAPPED SHEET (falls away),AELER PANELS,46,?,WOVEX SKIN,Rhinotex 1375 Bioshield,212.8,226.67,no MES body for AELER PANELS
UNMATCHED (no line found),BAKERY BODIES,95,?,19MM PICTURE FRAME,19MM PICTURE FRAME,68.30601092896174,46.27732240437159,"reported, never guessed (default 2)"
TOTAL-ONLY (derived),Adv Vacuum panels,49,SRD,130*62MM TAPPING BLOCKS,130*62MM TAPPING BLOCKS,,,
TOTAL-ONLY (derived),Adv Vacuum panels,84,DRD,130*62MM TAPPING BLOCKS,130*62MM TAPPING BLOCKS,,,
TOTAL-ONLY (derived),BAKERY BODIES,40,3MM3CR12 KICK PLATES,GLUE LINE,GLUE LINE,28.583333333333332,28.583333333333332,
TOTAL-ONLY (derived),BAKERY BODIES,41,3MM3CR12 KICK PLATES,20MM EPS,20MM EPS,41.2,41.2,
HIGHLIGHT-ONLY,BAKERY BODIES,42,3MM3CR12 KICK PLATES,80 DV UNRETHANE,80 DV UNRETHANE,228.65420134228185,228.65420134228185,
TOTAL-ONLY (derived),BAKERY BODIES,43,3MM3CR12 KICK PLATES,GLUE LINE,GLUE LINE,28.583333333333332,28.583333333333332,
TOTAL-ONLY (derived),BAKERY BODIES,55,?,GLUE LINE,GLUE LINE,28.583333333333332,28.583333333333332,
TOTAL-ONLY (derived),BAKERY BODIES,56,?,20MM EPS,20MM EPS,41.2,41.2,
HIGHLIGHT-ONLY,BAKERY BODIES,57,?,80DV URETHANE,80DV URETHANE,228.65420134228185,228.65420134228185,
TOTAL-ONLY (derived),BAKERY BODIES,60,?,GLUE LINE,GLUE LINE,28.583333333333332,28.583333333333332,
TOTAL-ONLY (derived),BAKERY BODIES,72,?,30258 NEW DOOR CAPPING,30258 NEW DOOR CAPPING,106.14,106.14,
TOTAL-ONLY (derived),BAKERY BODIES,73,?,30258 NEW DOOR CAPPING,30258 NEW DOOR CAPPING,106.14,106.14,
TOTAL-ONLY (derived),BAKERY BODIES,74,?,2316 INNER DOOR RUBBER,2316 INNER DOOR RUBBER,24.72,24.72,
TOTAL-ONLY (derived),BAKERY BODIES,75,?,2317 OUTER DOOR RUBBER,2317 OUTER DOOR RUBBER,60.18,60.18,
TOTAL-ONLY (derived),BAKERY BODIES,89,?,GLUE LINE,GLUE LINE,28.583333333333332,28.583333333333332,
TOTAL-ONLY (derived),BAKERY BODIES,90,?,20MM EPS,20MM EPS,41.2,41.2,
HIGHLIGHT-ONLY,BAKERY BODIES,91,?,80 DV URETHANE,80 DV URETHANE,228.65420134228185,228.65420134228185,
TOTAL-ONLY (derived),BAKERY BODIES,92,?,GLUE LINE,GLUE LINE,28.583333333333332,28.583333333333332,
TOTAL-ONLY (derived),BAKERY BODIES,114,?,SMALL HORIZONTAL,SMALL HORIZONTAL,181.78,181.78,
TOTAL-ONLY (derived),BAKERY BODIES,115,?,SMALL VERTICAL,SMALL VERTICAL,149.08,149.08,
TOTAL-ONLY (derived),BAKERY BODIES,117,?,SILICONE,SILICONE,116.1500,116.1500,
TOTAL-ONLY (derived),BAKERY BODIES,118,?,0661-0631 LONG RIVETS,0661-0631 LONG RIVETS,0.5150,0.5150,
TOTAL-ONLY (derived),BAKERY BODIES,128,?,GLUE LINE,GLUE LINE,28.583333333333332,28.583333333333332,
TOTAL-ONLY (derived),BAKERY BODIES,129,?,20MM EPS,20MM EPS,41.2,41.2,
HIGHLIGHT-ONLY,BAKERY BODIES,130,?,80 DV URETHANE ,80 DV URETHANE ,228.65420134228185,228.65420134228185,
TOTAL-ONLY (derived),BAKERY BODIES,133,?,GLUE LINE,GLUE LINE,28.583333333333332,28.583333333333332,
TOTAL-ONLY (derived),BAKERY BODIES,143,?,GLUE LINE,GLUE LINE,28.583333333333332,28.583333333333332,
TOTAL-ONLY (derived),BAKERY BODIES,144,?,45MM EPS,45MM EPS,92.7,92.7,
HIGHLIGHT-ONLY,BAKERY BODIES,145,?,80 DV URETHANE,80 DV URETHANE,411.57756241610736,411.57756241610736,
TOTAL-ONLY (derived),BAKERY BODIES,146,?,GLUE LINE,GLUE LINE,28.583333333333332,28.583333333333332,
TOTAL-ONLY (derived),BAKERY BODIES,154,?,5MM BEND UP SUB FRAME,5MM BEND UP SUB FRAME,243,243,
TOTAL-ONLY (derived),BAKERY BODIES,155,?,80*50*3 CROSSMEMEBERS,80*50*3 CROSSMEMEBERS,124.68,124.68,
TOTAL-ONLY (derived),BAKERY BODIES,156,?,2MM PLATE,2MM PLATE,2765,2765,
TOTAL-ONLY (derived),BAKERY BODIES,163,?,4 MM BEND UP SUB FRAME,4 MM BEND UP SUB FRAME,243,243,
TOTAL-ONLY (derived),BAKERY BODIES,164,?,80*50*3 CROSSMEMBERS,80*50*3 CROSSMEMBERS,124.68,124.68,
TOTAL-ONLY (derived),BAKERY BODIES,165,?,3MM PLATE,3MM PLATE,4345,4345,
TOTAL-ONLY (derived),BAKERY BODIES,172,?,4 MM BEND UP SUB FRAME,4 MM BEND UP SUB FRAME,243,243,
TOTAL-ONLY (derived),BAKERY BODIES,173,?,80*50*3 CROSSMEMBERS,80*50*3 CROSSMEMBERS,124.68,124.68,
TOTAL-ONLY (derived),BAKERY BODIES,174,?,3MM PLATE,3MM PLATE,1145.56,1145.56,
TOTAL-ONLY (derived),BAKERY BODIES,182,?,4 MM BEND UP SUB FRAME,4 MM BEND UP SUB FRAME,243,243,
TOTAL-ONLY (derived),BAKERY BODIES,183,?,80*50*3 CROSSMEMBERS,80*50*3 CROSSMEMBERS,124.68,124.68,
TOTAL-ONLY (derived),BAKERY BODIES,184,?,4MM PLATE,4MM PLATE,2326.21,2326.21,
TOTAL-ONLY (derived),BAKERY BODIES,192,?,4 MM BEND UP SUB FRAME,4 MM BEND UP SUB FRAME,243,243,
TOTAL-ONLY (derived),BAKERY BODIES,193,?,80*50*3 CROSSMEMBERS,80*50*3 CROSSMEMBERS,124.68,124.68,
TOTAL-ONLY (derived),BAKERY BODIES,194,?,5MM PLATE,5MM PLATE,3046.86,3046.86,
TOTAL-ONLY (derived),BAKERY BODIES,201,?,4 MM BEND UP SUB FRAME,4 MM BEND UP SUB FRAME,243,243,
TOTAL-ONLY (derived),BAKERY BODIES,202,?,80*50*3 CROSSMEMBERS,80*50*3 CROSSMEMBERS,124.68,124.68,
TOTAL-ONLY (derived),BAKERY BODIES,218,?,SMALL HORIZONTALE,SMALL HORIZONTALE,203.25,203.25,
TOTAL-ONLY (derived),BAKERY BODIES,219,?,SMALL VERTICAL,SMALL VERTICAL,149.08,149.08,
TOTAL-ONLY (derived),BAKERY BODIES,220,?,0661-0631 RIVETS,0661-0631 RIVETS,0.5150,0.5150,
TOTAL-ONLY (derived),BAKERY BODIES,221,?,SILPLUS X-WHITE ,SILPLUS X-WHITE ,116.1500,116.1500,
TOTAL-ONLY (derived),BAKERY BODIES,223,?,M10*40 CUP SQ BOLTS,M10*40 CUP SQ BOLTS,1.5,1.5,
TOTAL-ONLY (derived),BAKERY BODIES,224,?,M10 NYLOCK NUT,M10 NYLOCK NUT,0.7374,0.7374,
TOTAL-ONLY (derived),BAKERY BODIES,253,?,TAPE,TAPE,18.0000,18.0000,
TOTAL-ONLY (derived),BAKERY BODIES,259,?,3MM 3CR12 REAR FRAME,3MM 3CR12 REAR FRAME,965.76,965.76,
TOTAL-ONLY (derived),BAKERY BODIES,260,?,TOP FRAME RAIN GUTTER,TOP FRAME RAIN GUTTER,965.76,965.76,
TOTAL-ONLY (derived),BAKERY BODIES,261,?,3MM 3CR12 FLOOR PLATE,3MM 3CR12 FLOOR PLATE,965.76,965.76,
TOTAL-ONLY (derived),BAKERY BODIES,274,PAINTING OF SUB FRAME + REAR FRAME,"120*1,2 MM GLAV BACKING PLATE","120*1,2 MM GLAV BACKING PLATE",89.63300000000001,89.63300000000001,
TOTAL-ONLY (derived),BAKERY BODIES,275,PAINTING OF SUB FRAME + REAR FRAME,LOAD LOCK RAIL,LOAD LOCK RAIL,70.0000,70.0000,
TOTAL-ONLY (derived),BAKERY BODIES,276,PAINTING OF SUB FRAME + REAR FRAME,RIVETS BACKING PLATE,RIVETS BACKING PLATE,0.2798,0.2798,
TOTAL-ONLY (derived),BAKERY BODIES,277,PAINTING OF SUB FRAME + REAR FRAME,RIVETS LOAD LOCK RAIL,RIVETS LOAD LOCK RAIL,0.2798,0.2798,
TOTAL-ONLY (derived),BAKERY BODIES,284,?,2MM 3 CR12 PLATE,2MM 3 CR12 PLATE,128,128,
TOTAL-ONLY (derived),BAKERY BODIES,285,?,RIVETS,RIVETS,0.2798,0.2798,
TOTAL-ONLY (derived),BAKERY BODIES,301,NOSE CONE,2 mm 3 CR 12 plate,2 mm 3 CR 12 plate,192,192,
TOTAL-ONLY (derived),BAKERY BODIES,302,NOSE CONE,silicone,silicone,116.1500,116.1500,
TOTAL-ONLY (derived),BAKERY BODIES,303,NOSE CONE,rivets,rivets,0.2798,0.2798,
TOTAL-ONLY (derived),BAKERY BODIES,310,?,3 mm 3 CR 12 plate,3 mm 3 CR 12 plate,482.77777777777777,482.77777777777777,
TOTAL-ONLY (derived),BAKERY BODIES,311,?,silicone,silicone,116.1500,116.1500,
TOTAL-ONLY (derived),BAKERY BODIES,312,?,rivets,rivets,0.2798,0.2798,
TOTAL-ONLY (derived),CHESTER SPEC MEAT BODY,46,SRD,130*62MM TAPPING BLOCKS,130*62MM TAPPING BLOCKS,,,
TOTAL-ONLY (derived),CHESTER SPEC MEAT BODY,83,DRD,130*62MM TAPPING BLOCKS,130*62MM TAPPING BLOCKS,,,
HIGHLIGHT-ONLY,"SMALL MEAT BODY UP TO 5,2",32,FRONT,PU,PU,0,0,
HIGHLIGHT-ONLY,"SMALL MEAT BODY UP TO 5,2",46,SRD,PU,PU,0,0,
TOTAL-ONLY (derived),"SMALL MEAT BODY UP TO 5,2",51,SRD,130*62MM TAPPING BLOCKS,130*62MM TAPPING BLOCKS,,,
TOTAL-ONLY (derived),"SMALL MEAT BODY UP TO 5,2",88,DRD,130*62MM TAPPING BLOCKS,130*62MM TAPPING BLOCKS,,,
HIGHLIGHT-ONLY,"SMALL MEAT BODY UP TO 5,2",116,SIDES,PU,PU,0,0,
HIGHLIGHT-ONLY,"SMALL MEAT BODY UP TO 5,2",132,ROOF,PU,PU,0,0,
HIGHLIGHT-ONLY,"SMALL MEAT BODY UP TO 5,2",148,FLOOR,PU,PU,0,0,
TOTAL-ONLY (derived),MEAT BODY,30,FRONT,GLUE LINE,GLUE LINE,28.583333333333332,28.583333333333332,
TOTAL-ONLY (derived),MEAT BODY,31,FRONT,EPS,EPS,127.72,127.72,
HIGHLIGHT-ONLY,MEAT BODY,32,FRONT,PU,PU,0,0,
TOTAL-ONLY (derived),MEAT BODY,33,FRONT,GLUE LINE,GLUE LINE,28.583333333333332,28.583333333333332,
TOTAL-ONLY (derived),MEAT BODY,35,FRONT,GLUE LINE,GLUE LINE,28.583333333333332,28.583333333333332,
TOTAL-ONLY (derived),MEAT BODY,44,SRD,GLUE LINE,GLUE LINE,28.583333333333332,28.583333333333332,
HIGHLIGHT-ONLY,MEAT BODY,46,SRD,PU,PU,0,0,
TOTAL-ONLY (derived),MEAT BODY,47,SRD,GLUE LINE,GLUE LINE,28.583333333333332,28.583333333333332,
TOTAL-ONLY (derived),MEAT BODY,49,SRD,GLUE LINE,GLUE LINE,28.583333333333332,28.583333333333332,
TOTAL-ONLY (derived),MEAT BODY,51,SRD,130*62MM TAPPING BLOCKS,130*62MM TAPPING BLOCKS,,,
TOTAL-ONLY (derived),MEAT BODY,59,DOOR FITTINGS,28779 DOOR CAPPING,28779 DOOR CAPPING,149.08,149.08,
TOTAL-ONLY (derived),MEAT BODY,60,DOOR FITTINGS,28777 DOOR CAPPING,28777 DOOR CAPPING,132.13,132.13,
TOTAL-ONLY (derived),MEAT BODY,61,DOOR FITTINGS,2316 DOOR RUBBER,2316 DOOR RUBBER,24.72,24.72,
TOTAL-ONLY (derived),MEAT BODY,62,DOOR FITTINGS,2317 DOOR RUBBER,2317 DOOR RUBBER,60.18,60.18,
TOTAL-ONLY (derived),MEAT BODY,67,DOOR FITTINGS,28782SBIG HORIZ CAPPING,28782SBIG HORIZ CAPPING,203.25,203.25,
TOTAL-ONLY (derived),MEAT BODY,68,DOOR FITTINGS,28780 BIG VERTICAL ,28780 BIG VERTICAL ,181.78,181.78,
TOTAL-ONLY (derived),MEAT BODY,69,DOOR FITTINGS,0661-0631 LONG RIVETS,0661-0631 LONG RIVETS,0.5150,0.5150,
TOTAL-ONLY (derived),MEAT BODY,81,DRD,GLUE LINE,GLUE LINE,28.583333333333332,28.583333333333332,
TOTAL-ONLY (derived),MEAT BODY,82,DRD,EPS,EPS,127.72,127.72,
HIGHLIGHT-ONLY,MEAT BODY,83,DRD,PU,PU,0,0,
TOTAL-ONLY (derived),MEAT BODY,84,DRD,GLUE LINE,GLUE LINE,28.583333333333332,28.583333333333332,
TOTAL-ONLY (derived),MEAT BODY,86,DRD,GLUE LINE,GLUE LINE,28.583333333333332,28.583333333333332,
TOTAL-ONLY (derived),MEAT BODY,88,DRD,130*62MM TAPPING BLOCKS,130*62MM TAPPING BLOCKS,,,
TOTAL-ONLY (derived),MEAT BODY,96,DOOR FITTINGS,28779 DOOR CAPPING,28779 DOOR CAPPING,149.08,149.08,
TOTAL-ONLY (derived),MEAT BODY,97,DOOR FITTINGS,28777 DOOR CAPPING,28777 DOOR CAPPING,132.13,132.13,
TOTAL-ONLY (derived),MEAT BODY,98,DOOR FITTINGS,2316 DOOR RUBBER,2316 DOOR RUBBER,24.72,24.72,
TOTAL-ONLY (derived),MEAT BODY,99,DOOR FITTINGS,2317 DOOR RUBBER,2317 DOOR RUBBER,60.18,60.18,
TOTAL-ONLY (derived),MEAT BODY,114,SIDES,GLUE LINE,GLUE LINE,28.583333333333332,28.583333333333332,
TOTAL-ONLY (derived),MEAT BODY,115,SIDES,EPS,EPS,127.72,127.72,
HIGHLIGHT-ONLY,MEAT BODY,116,SIDES,PU,PU,0,0,
TOTAL-ONLY (derived),MEAT BODY,117,SIDES,GLUE LINE,GLUE LINE,28.583333333333332,28.583333333333332,
TOTAL-ONLY (derived),MEAT BODY,120,SIDES,GLUE LINE,GLUE LINE,28.583333333333332,28.583333333333332,
TOTAL-ONLY (derived),MEAT BODY,123,SIDES,3MM MILD STEEL PLATE,3MM MILD STEEL PLATE,384.4161073825503,384.4161073825503,
TOTAL-ONLY (derived),MEAT BODY,130,ROOF,GLUE LINE,GLUE LINE,28.583333333333332,28.583333333333332,
TOTAL-ONLY (derived),MEAT BODY,131,ROOF,EPS,EPS,206,206,
HIGHLIGHT-ONLY,MEAT BODY,132,ROOF,PU,PU,0,0,
TOTAL-ONLY (derived),MEAT BODY,133,ROOF,100*50*3 R.T.TUBE,100*50*3 R.T.TUBE,124,124,
TOTAL-ONLY (derived),MEAT BODY,134,ROOF,GLUE LINE,GLUE LINE,28.583333333333332,28.583333333333332,
TOTAL-ONLY (derived),MEAT BODY,136,ROOF,GLUE LINE,GLUE LINE,28.583333333333332,28.583333333333332,
TOTAL-ONLY (derived),MEAT BODY,139,ROOF,3MM MILD STEEL PLATE,3MM MILD STEEL PLATE,384.4161073825503,384.4161073825503,
TOTAL-ONLY (derived),MEAT BODY,146,FLOOR,GLUE LINE,GLUE LINE,28.583333333333332,28.583333333333332,
TOTAL-ONLY (derived),MEAT BODY,147,FLOOR,EPS,EPS,206,206,
HIGHLIGHT-ONLY,MEAT BODY,148,FLOOR,PU,PU,0,0,
TOTAL-ONLY (derived),MEAT BODY,149,FLOOR,GLUE LINE,GLUE LINE,28.583333333333332,28.583333333333332,
TOTAL-ONLY (derived),MEAT BODY,152,FLOOR,100*50 R.T. TUBE,100*50 R.T. TUBE,124,124,
TOTAL-ONLY (derived),MEAT BODY,153,FLOOR,40*16 TAPPING FLAT BAR,40*16 TAPPING FLAT BAR,97,97,
TOTAL-ONLY (derived),MEAT BODY,158,FLOOR,2*300 INT LAMINATION,2*300 INT LAMINATION,31.939500000000002,31.939500000000002,
TOTAL-ONLY (derived),MEAT BODY,159,FLOOR,ANTI-SKID FINAL COAT,ANTI-SKID FINAL COAT,32.0943,32.0943,
TOTAL-ONLY (derived),MEAT BODY,166,ALUMINIUM,28782 BIG HORIZONTALE CAP,28782 BIG HORIZONTALE CAP,242.9,242.9,
TOTAL-ONLY (derived),MEAT BODY,167,ALUMINIUM,28780 BIG VERTICAL,28780 BIG VERTICAL,203.25,203.25,
TOTAL-ONLY (derived),MEAT BODY,168,ALUMINIUM,0661-0631 LONG RIVETS,0661-0631 LONG RIVETS,0.5150,0.5150,
TOTAL-ONLY (derived),MEAT BODY,169,ALUMINIUM,SILPLUS - X WHITE,SILPLUS - X WHITE,116.1500,116.1500,
TOTAL-ONLY (derived),MEAT BODY,177,SUB FRAME + LIGHT BOX ASSY,5MM 300 WA PLATE,5MM 300 WA PLATE,243,243,
TOTAL-ONLY (derived),MEAT BODY,178,SUB FRAME + LIGHT BOX ASSY,180*50*5MM CROSS MEMBER,180*50*5MM CROSS MEMBER,243,243,
TOTAL-ONLY (derived),MEAT BODY,208,REAR FRAME + FLOOR PLATE,3MM 3CR12 REAR FRAME,3MM 3CR12 REAR FRAME,965.76,965.76,
TOTAL-ONLY (derived),MEAT BODY,209,REAR FRAME + FLOOR PLATE,TOP FRAME RAIN GUTTER,TOP FRAME RAIN GUTTER,965.76,965.76,
TOTAL-ONLY (derived),MEAT BODY,227,MEAT RAILS,50*10 FLAT BAR,50*10 FLAT BAR,57.5,57.5,
TOTAL-ONLY (derived),MEAT BODY,228,MEAT RAILS,J- BRACKET,J- BRACKET,39.791666666666664,39.791666666666664,
TOTAL-ONLY (derived),MEAT BODY,229,MEAT RAILS,M10*30 GALV BOLTS,M10*30 GALV BOLTS,0.5,0.5,
TOTAL-ONLY (derived),MEAT BODY,230,MEAT RAILS,M10 NYLOCK NUT,M10 NYLOCK NUT,0.7374,0.7374,
TOTAL-ONLY (derived),MEAT BODY,233,MEAT RAILS,REFLEXITE TAPE,REFLEXITE TAPE,18.0000,18.0000,
HIGHLIGHT-ONLY,DRY FREIGHT TRAILER,31,FRONT,PU,PU,0,0,
HIGHLIGHT-ONLY,DRY FREIGHT TRAILER,44,DRD,PU,PU,0,0,
TOTAL-ONLY (derived),DRY FREIGHT TRAILER,49,DRD,130*62MM TAPPING BLOCKS,130*62MM TAPPING BLOCKS,,,
HIGHLIGHT-ONLY,DRY FREIGHT TRAILER,77,SIDES,PU,PU,0,0,
HIGHLIGHT-ONLY,DRY FREIGHT TRAILER,92,ROOF,PU,PU,0,0,
TOTAL-ONLY (derived),GRP TRAILERS,59,DRD,130*62MM TAPPING BLOCKS,130*62MM TAPPING BLOCKS,,,
TOTAL-ONLY (derived),RHINORANGE TRAILER,59,DRD,130*62MM TAPPING BLOCKS,130*62MM TAPPING BLOCKS,,,
HIGHLIGHT-ONLY,"icecream up to 3,2",38,SRD,PU,PU,0,0,
TOTAL-ONLY (derived),"icecream up to 3,2",41,SRD,130*62MM TAPPING BLOCKS,130*62MM TAPPING BLOCKS,,,
TOTAL-ONLY (derived),"icecream up to 3,2",77,DRD,130*62MM TAPPING BLOCKS,130*62MM TAPPING BLOCKS,,,
TOTAL-ONLY (derived),icecream up to 4.8,45,SRD,130*62MM TAPPING BLOCKS,130*62MM TAPPING BLOCKS,,,
HIGHLIGHT-ONLY,icecream up to 4.8,78,DRD,PU,PU,0,0,
TOTAL-ONLY (derived),icecream up to 4.8,83,DRD,130*62MM TAPPING BLOCKS,130*62MM TAPPING BLOCKS,,,
HIGHLIGHT-ONLY, icecream 4.9 up,40,SRD,PU,PU,0,0,
TOTAL-ONLY (derived), icecream 4.9 up,45,SRD,130*62MM TAPPING BLOCKS,130*62MM TAPPING BLOCKS,,,
TOTAL-ONLY (derived), icecream 4.9 up,83,DRD,130*62MM TAPPING BLOCKS,130*62MM TAPPING BLOCKS,,,
HIGHLIGHT-ONLY," UP TO 2,3 MTR FREEZER ",39,SRD,PU,PU,0,0,
TOTAL-ONLY (derived)," UP TO 2,3 MTR FREEZER ",42,SRD,130*62MM TAPPING BLOCKS,130*62MM TAPPING BLOCKS,,,
TOTAL-ONLY (derived)," UP TO 2,3 MTR FREEZER ",77,DRD,130*62MM TAPPING BLOCKS,130*62MM TAPPING BLOCKS,,,
HIGHLIGHT-ONLY," UP TO 2,3 MTR FREEZER ",118,ROOF,PU,PU,0,0,
HIGHLIGHT-ONLY," UP TO 2,3 MTR FREEZER ",131,FLOOR,PU,PU,0,0,
HIGHLIGHT-ONLY, UP TO 4.8 MT FREEZER  (2,47,SRD,PU,PU,0,0,
TOTAL-ONLY (derived), UP TO 4.8 MT FREEZER  (2,52,SRD,130*62MM TAPPING BLOCKS,130*62MM TAPPING BLOCKS,,,
TOTAL-ONLY (derived), UP TO 4.8 MT FREEZER  (2,89,DRD,130*62MM TAPPING BLOCKS,130*62MM TAPPING BLOCKS,,,
TOTAL-ONLY (derived), 4.9 & UP FREEZER BODY (2,30,FRONT,GLUE LINE,GLUE LINE,28.583333333333332,28.583333333333332,
TOTAL-ONLY (derived), 4.9 & UP FREEZER BODY (2,33,FRONT,GLUE LINE,GLUE LINE,28.583333333333332,28.583333333333332,
TOTAL-ONLY (derived), 4.9 & UP FREEZER BODY (2,35,FRONT,GLUE LINE,GLUE LINE,28.583333333333332,28.583333333333332,
TOTAL-ONLY (derived), 4.9 & UP FREEZER BODY (2,44,SRD,GLUE LINE,GLUE LINE,28.583333333333332,28.583333333333332,
HIGHLIGHT-ONLY, 4.9 & UP FREEZER BODY (2,46,SRD,PU,PU,0,0,
TOTAL-ONLY (derived), 4.9 & UP FREEZER BODY (2,47,SRD,GLUE LINE,GLUE LINE,28.583333333333332,28.583333333333332,
TOTAL-ONLY (derived), 4.9 & UP FREEZER BODY (2,49,SRD,GLUE LINE,GLUE LINE,28.583333333333332,28.583333333333332,
TOTAL-ONLY (derived), 4.9 & UP FREEZER BODY (2,51,SRD,130*62MM TAPPING BLOCKS,130*62MM TAPPING BLOCKS,,,
TOTAL-ONLY (derived), 4.9 & UP FREEZER BODY (2,82,DRD,GLUE LINE,GLUE LINE,28.583333333333332,28.583333333333332,
TOTAL-ONLY (derived), 4.9 & UP FREEZER BODY (2,85,DRD,GLUE LINE,GLUE LINE,28.583333333333332,28.583333333333332,
TOTAL-ONLY (derived), 4.9 & UP FREEZER BODY (2,87,DRD,GLUE LINE,GLUE LINE,28.583333333333332,28.583333333333332,
TOTAL-ONLY (derived), 4.9 & UP FREEZER BODY (2,89,DRD,130*62MM TAPPING BLOCKS,130*62MM TAPPING BLOCKS,,,
TOTAL-ONLY (derived), 4.9 & UP FREEZER BODY (2,98,DOOR FITTINGS,28779 DOOR CAPPING,28779 DOOR CAPPING,149.08,149.08,
TOTAL-ONLY (derived), 4.9 & UP FREEZER BODY (2,100,DOOR FITTINGS,2316 DOOR RUBBER,2316 DOOR RUBBER,24.72,24.72,
TOTAL-ONLY (derived), 4.9 & UP FREEZER BODY (2,101,DOOR FITTINGS,2317 DOOR RUBBER,2317 DOOR RUBBER,60.18,60.18,
HIGHLIGHT-ONLY,EXPLOSIVE UP TO 2.7,40,SRD,PU,PU,0,0,
TOTAL-ONLY (derived),EXPLOSIVE UP TO 2.7,45,SRD,130*62MM TAPPING BLOCKS,130*62MM TAPPING BLOCKS,,,
TOTAL-ONLY (derived),EXPLOSIVE UP TO 2.7,82,DRD,130*62MM TAPPING BLOCKS,130*62MM TAPPING BLOCKS,,,
TOTAL-ONLY (derived),EXPLOSIVE 2.7 TO 4.8,25,FRONT,GLUE LINE,GLUE LINE,28.583333333333332,28.583333333333332,
TOTAL-ONLY (derived),EXPLOSIVE 2.7 TO 4.8,28,FRONT,GLUE LINE,GLUE LINE,28.583333333333332,28.583333333333332,
TOTAL-ONLY (derived),EXPLOSIVE 2.7 TO 4.8,30,FRONT,GLUE LINE,GLUE LINE,28.583333333333332,28.583333333333332,
TOTAL-ONLY (derived),EXPLOSIVE 2.7 TO 4.8,31,FRONT,0.9 MM ALU PLATE,0.9 MM ALU PLATE,312.40000000000003,312.40000000000003,
TOTAL-ONLY (derived),EXPLOSIVE 2.7 TO 4.8,38,SRD,GLUE LINE,GLUE LINE,28.583333333333332,28.583333333333332,
HIGHLIGHT-ONLY,EXPLOSIVE 2.7 TO 4.8,40,SRD,PU,PU,0,0,
TOTAL-ONLY (derived),EXPLOSIVE 2.7 TO 4.8,41,SRD,GLUE LINE,GLUE LINE,28.583333333333332,28.583333333333332,
TOTAL-ONLY (derived),EXPLOSIVE 2.7 TO 4.8,43,SRD,GLUE LINE,GLUE LINE,28.583333333333332,28.583333333333332,
TOTAL-ONLY (derived),EXPLOSIVE 2.7 TO 4.8,44,SRD,0.9MM ALU PLATE,0.9MM ALU PLATE,312.40000000000003,312.40000000000003,
TOTAL-ONLY (derived),EXPLOSIVE 2.7 TO 4.8,45,SRD,130*62MM TAPPING BLOCKS,130*62MM TAPPING BLOCKS,,,
TOTAL-ONLY (derived),EXPLOSIVE 2.7 TO 4.8,53,DOOR FITTINGS,28779 DOOR CAPPING,28779 DOOR CAPPING,149.08,149.08,
TOTAL-ONLY (derived),EXPLOSIVE 2.7 TO 4.8,54,DOOR FITTINGS,28777 DOOR CAPPING,28777 DOOR CAPPING,132.13,132.13,
TOTAL-ONLY (derived),EXPLOSIVE 2.7 TO 4.8,55,DOOR FITTINGS,2316 DOOR RUBBER,2316 DOOR RUBBER,24.72,24.72,
TOTAL-ONLY (derived),EXPLOSIVE 2.7 TO 4.8,56,DOOR FITTINGS,2317 DOOR RUBBER,2317 DOOR RUBBER,60.18,60.18,
TOTAL-ONLY (derived),EXPLOSIVE 2.7 TO 4.8,61,DOOR FITTINGS,28781 SMALL HORIZ CAPPING,28781 SMALL HORIZ CAPPING,240.58,240.58,
TOTAL-ONLY (derived),EXPLOSIVE 2.7 TO 4.8,62,DOOR FITTINGS,28780 SMALL VERTICAL ,28780 SMALL VERTICAL ,181.78,181.78,
TOTAL-ONLY (derived),EXPLOSIVE 2.7 TO 4.8,63,DOOR FITTINGS,0661-0631 LONG RIVETS,0661-0631 LONG RIVETS,0.5150,0.5150,
TOTAL-ONLY (derived),EXPLOSIVE 2.7 TO 4.8,64,DOOR FITTINGS,SILPLUS X WHITE SILICONE,SILPLUS X WHITE SILICONE,116.1500,116.1500,
TOTAL-ONLY (derived),EXPLOSIVE 2.7 TO 4.8,75,DRD,GLUE LINE,GLUE LINE,28.583333333333332,28.583333333333332,
TOTAL-ONLY (derived),EXPLOSIVE 2.7 TO 4.8,78,DRD,GLUE LINE,GLUE LINE,28.583333333333332,28.583333333333332,
TOTAL-ONLY (derived),EXPLOSIVE 2.7 TO 4.8,80,DRD,GLUE LINE,GLUE LINE,28.583333333333332,28.583333333333332,
TOTAL-ONLY (derived),EXPLOSIVE 2.7 TO 4.8,81,DRD,0.9MM ALU PLATE,0.9MM ALU PLATE,312.40000000000003,312.40000000000003,
TOTAL-ONLY (derived),EXPLOSIVE 2.7 TO 4.8,82,DRD,130*62MM TAPPING BLOCKS,130*62MM TAPPING BLOCKS,,,
TOTAL-ONLY (derived),EXPLOSIVE 2.7 TO 4.8,90,DOOR FITTINGS,28779 DOOR CAPPING,28779 DOOR CAPPING,149.08,149.08,
TOTAL-ONLY (derived),EXPLOSIVE 2.7 TO 4.8,91,DOOR FITTINGS,28777 DOOR CAPPING,28777 DOOR CAPPING,132.13,132.13,
TOTAL-ONLY (derived),EXPLOSIVE 2.7 TO 4.8,92,DOOR FITTINGS,2316 DOOR RUBBER,2316 DOOR RUBBER,24.72,24.72,
TOTAL-ONLY (derived),EXPLOSIVE 2.7 TO 4.8,93,DOOR FITTINGS,2317 DOOR RUBBER,2317 DOOR RUBBER,60.18,60.18,
TOTAL-ONLY (derived),EXPLOSIVE 2.7 TO 4.8,108,SIDES,GLUE LINE,GLUE LINE,28.583333333333332,28.583333333333332,
TOTAL-ONLY (derived),EXPLOSIVE 2.7 TO 4.8,111,SIDES,GLUE LINE,GLUE LINE,28.583333333333332,28.583333333333332,
TOTAL-ONLY (derived),EXPLOSIVE 2.7 TO 4.8,113,SIDES,GLUE LINE,GLUE LINE,28.583333333333332,28.583333333333332,
TOTAL-ONLY (derived),EXPLOSIVE 2.7 TO 4.8,114,SIDES,0.9MM ALU PLATE,0.9MM ALU PLATE,312.40000000000003,312.40000000000003,
TOTAL-ONLY (derived),EXPLOSIVE 2.7 TO 4.8,122,ROOF,GLUE LINE,GLUE LINE,28.583333333333332,28.583333333333332,
TOTAL-ONLY (derived),EXPLOSIVE 2.7 TO 4.8,125,ROOF,GLUE LINE,GLUE LINE,28.583333333333332,28.583333333333332,
TOTAL-ONLY (derived),EXPLOSIVE 2.7 TO 4.8,127,ROOF,GLUE LINE,GLUE LINE,28.583333333333332,28.583333333333332,
TOTAL-ONLY (derived),EXPLOSIVE 2.7 TO 4.8,128,ROOF,0.9MM ALU PLATE,0.9MM ALU PLATE,312.40000000000003,312.40000000000003,
TOTAL-ONLY (derived),EXPLOSIVE 2.7 TO 4.8,136,FLOOR,GLUE LINE,GLUE LINE,28.583333333333332,28.583333333333332,
TOTAL-ONLY (derived),EXPLOSIVE 2.7 TO 4.8,138,FLOOR,GLUE LINE,GLUE LINE,28.583333333333332,28.583333333333332,
TOTAL-ONLY (derived),EXPLOSIVE 2.7 TO 4.8,139,FLOOR,RICE GRAIN,RICE GRAIN,3336.472602739726,3336.472602739726,
TOTAL-ONLY (derived),EXPLOSIVE 2.7 TO 4.8,140,FLOOR,ALU KICK PLATE,ALU KICK PLATE,496.05,496.05,
TOTAL-ONLY (derived),EXPLOSIVE 2.7 TO 4.8,147,ALUMINIUM,28783  SMALL HORIZONTALE CAP,28783  SMALL HORIZONTALE CAP,240.58,240.58,
TOTAL-ONLY (derived),EXPLOSIVE 2.7 TO 4.8,148,ALUMINIUM,28780 SMALL VERTICAL,28780 SMALL VERTICAL,181.78,181.78,
TOTAL-ONLY (derived),EXPLOSIVE 2.7 TO 4.8,149,ALUMINIUM,0661-0631 LONG RIVETS,0661-0631 LONG RIVETS,0.5150,0.5150,
TOTAL-ONLY (derived),EXPLOSIVE 2.7 TO 4.8,150,ALUMINIUM,SILPLUS - X WHITE,SILPLUS - X WHITE,116.1500,116.1500,
TOTAL-ONLY (derived),EXPLOSIVE 2.7 TO 4.8,158,SUB FRAME + LIGHT BOX ASSY,178*54 RSC,178*54 RSC,243,243,
TOTAL-ONLY (derived),EXPLOSIVE 2.7 TO 4.8,159,SUB FRAME + LIGHT BOX ASSY,100*50*3MM CROSS MEMBER,100*50*3MM CROSS MEMBER,243,243,
TOTAL-ONLY (derived),EXPLOSIVE 2.7 TO 4.8,185,REAR FRAME + FLOOR PLATE,3MM 3CR12 REAR FRAME,3MM 3CR12 REAR FRAME,965.76,965.76,
TOTAL-ONLY (derived),EXPLOSIVE 2.7 TO 4.8,186,REAR FRAME + FLOOR PLATE,TOP FRAME RAIN GUTTER,TOP FRAME RAIN GUTTER,965.76,965.76,
TOTAL-ONLY (derived),EXPLOSIVE 2.7 TO 4.8,202,REFLEXITE TAPE,50MM REFLEXITE TAPE,50MM REFLEXITE TAPE,18.0000,18.0000,
HIGHLIGHT-ONLY,EXPLOSIVE 4.9 AND UP,40,SRD,PU,PU,0,0,
TOTAL-ONLY (derived),EXPLOSIVE 4.9 AND UP,45,SRD,130*62MM TAPPING BLOCKS,130*62MM TAPPING BLOCKS,,,
TOTAL-ONLY (derived),EXPLOSIVE 4.9 AND UP,82,DRD,130*62MM TAPPING BLOCKS,130*62MM TAPPING BLOCKS,,,
HIGHLIGHT-ONLY,UP TO 2.3 CHILLER BODY,27,FRONT,PU,PU,0,0,
HIGHLIGHT-ONLY,UP TO 2.3 CHILLER BODY,39,SRD,PU,PU,0,0,
TOTAL-ONLY (derived),UP TO 2.3 CHILLER BODY,42,SRD,130*62MM TAPPING BLOCKS,130*62MM TAPPING BLOCKS,,,
HIGHLIGHT-ONLY,UP TO 2.3 CHILLER BODY,74,DRD,PU,PU,0,0,
TOTAL-ONLY (derived),UP TO 2.3 CHILLER BODY,77,DRD,130*62MM TAPPING BLOCKS,130*62MM TAPPING BLOCKS,,,
HIGHLIGHT-ONLY,UP TO 2.3 CHILLER BODY,105,SIDES,PU,PU,0,0,
HIGHLIGHT-ONLY,UP TO 2.3 CHILLER BODY,118,ROOF,PU,PU,0,0,
HIGHLIGHT-ONLY,UP TO 2.3 CHILLER BODY,131,FLOOR,PU,PU,0,0,
HIGHLIGHT-ONLY,UP TO 5.5 CHILLER AND 2.3 WIDE,30,FRONT,PU,PU,0,0,
HIGHLIGHT-ONLY,UP TO 5.5 CHILLER AND 2.3 WIDE,44,SRD,PU,PU,0,0,
TOTAL-ONLY (derived),UP TO 5.5 CHILLER AND 2.3 WIDE,49,SRD,130*62MM TAPPING BLOCKS,130*62MM TAPPING BLOCKS,,,
HIGHLIGHT-ONLY,UP TO 5.5 CHILLER AND 2.3 WIDE,81,DRD,PU,PU,0,0,
TOTAL-ONLY (derived),UP TO 5.5 CHILLER AND 2.3 WIDE,86,DRD,130*62MM TAPPING BLOCKS,130*62MM TAPPING BLOCKS,,,
HIGHLIGHT-ONLY,UP TO 5.5 CHILLER AND 2.3 WIDE,114,SIDES,PU,PU,0,0,
HIGHLIGHT-ONLY,UP TO 5.5 CHILLER AND 2.3 WIDE,129,ROOF,PU,PU,0,0,
HIGHLIGHT-ONLY,UP TO 5.5 CHILLER AND 2.3 WIDE,142,FLOOR,PU,PU,0,0,
HIGHLIGHT-ONLY, 4.9 & UP CHILLER AND 2.5 WIDE ,43,SRD,PU,PU,0,0,
TOTAL-ONLY (derived), 4.9 & UP CHILLER AND 2.5 WIDE ,48,SRD,130*62MM TAPPING BLOCKS,130*62MM TAPPING BLOCKS,,,
HIGHLIGHT-ONLY, 4.9 & UP CHILLER AND 2.5 WIDE ,80,DRD,PU,PU,0,0,
TOTAL-ONLY (derived), 4.9 & UP CHILLER AND 2.5 WIDE ,85,DRD,130*62MM TAPPING BLOCKS,130*62MM TAPPING BLOCKS,,,
HIGHLIGHT-ONLY, 4.9 & UP CHILLER AND 2.5 WIDE ,113,SIDES,PU,PU,0,0,
HIGHLIGHT-ONLY, 4.9 & UP CHILLER AND 2.5 WIDE ,128,ROOF,PU,PU,0,0,
HIGHLIGHT-ONLY, 4.9 & UP CHILLER AND 2.5 WIDE ,141,FLOOR,PU,PU,0,0,
